Name,Uniprot ID,Core Protein or not,Functional Category,Total No. of residues,Resolved residues,No. of residues resolved ,% of residues resolved ,No. of residues unresolved ,% of residues unresolved ,Category based on structure availability,No. of unresolved residues with pLDDT>=90,% of unresolved residues with pLDDT>=90,No. of unresolved residues with pLDDT>=70,% of unresolved residues with pLDDT>=70,No. of unresolved residues with 90>pLDDT>=70,% of unresolved residues with 90>pLDDT>=70,No. of unresolved residues with 70>pLDDT>=50,% of unresolved residues with 70>pLDDT>=50,No. of unresolved residues with pLDDT<50,% of unresolved residues with pLDDT<50,No. of predicted IDRs (in unresolved stretch) with pLDDT >= 90,No. of predicted IDRs (in unresolved stretch) with 90>pLDDT >=70,No. of predicted IDRs (in unresolved stretch) with 70>pLDDT>=50,No. of predicted IDRs (in unresolved stretch) with pLDDT < 50
ATG9A,Q7Z3C6,Core,"ATG9,PI3K",839.0,1-839,839.0,100.0,0.0,0.0,Resolved,Resolved,Resolved,Resolved,Resolved,Resolved,Resolved,Resolved,Resolved,0.0,Resolved,0.0,0.0,0.0,0.0
DNM2,P50570,,ATG9,870.0,1-843,843.0,96.8966,27.0,3.10345,Resolved,Resolved,Resolved,Resolved,Resolved,Resolved,Resolved,Resolved,Resolved,27.0,100,0.0,0.0,0.0,27.0
NUDC,Q9Y266,,ATG9,331.0,157-297,141.0,42.5982,190.0,57.4018,Unresolved,55,28.9474,125,65.7895,70,36.8421,30,15.7895,35.0,18.4211,31.0,53.0,28.0,35.0
BTBD8,Q5XKL5,,ATG9,378.0,188-293,106.0,28.0423,272.0,71.9577,Unresolved,139,51.1029,186,68.3824,47,17.2794,16,5.88235,70.0,25.7353,0.0,0.0,0.0,4.0
WIPI2,Q9Y4P8,Core,"ATG9,UBL",454.0,3-381,379.0,83.4802,75.0,16.5198,Unresolved,0,0,0,0,0,0,2,2.66667,73.0,97.3333,0.0,0.0,0.0,19.0
HNRPA3P1,P51991,,ATG9,378.0,"8-217,326-363",248.0,65.6085,130.0,34.3915,Unresolved,0,0,3,2.30769,3,2.30769,9,6.92308,118.0,90.7692,0.0,3.0,7.0,58.0
LGALS7,P47929,,ATG9,136.0,1-136,136.0,100.0,0.0,0.0,Resolved,Resolved,Resolved,Resolved,Resolved,Resolved,Resolved,Resolved,Resolved,0.0,Resolved,0.0,0.0,0.0,0.0
WIPI1,Q5MNZ9,Core,ATG9,446.0,5-362,358.0,80.2691,88.0,19.7309,Unresolved,0,0,0,0,0,0,0,0,88.0,100,0.0,0.0,0.0,61.0
TGFBRAP1,Q8WUH2,,PI3K,860.0,0-0,0.0,0.0,860.0,100.0,Unresolved,395,45.9837,810,94.2957,415,48.312,34,3.95809,16.0,1.86263,0.0,3.0,5.0,11.0
PTPRA,P18433,,PI3K,802.0,202-802,601.0,74.9377,201.0,25.0623,Unresolved,9,4.47761,29,14.4279,20,9.95025,6,2.98507,166.0,82.5871,0.0,0.0,1.0,95.0
VPS18,Q9P253,,PI3K,973.0,0-0,0.0,0.0,973.0,100.0,Unresolved,186,19.1358,812,83.5391,626,64.4033,119,12.2428,42.0,4.32099,7.0,15.0,6.0,17.0
VPS33A,Q96AX1,,PI3K,596.0,1-596,596.0,100.0,0.0,0.0,Resolved,Resolved,Resolved,Resolved,Resolved,Resolved,Resolved,Resolved,Resolved,0.0,Resolved,0.0,0.0,0.0,0.0
ULK2,Q8IYT8,Core,ULK,1036.0,1-308,308.0,29.7297,728.0,70.2703,Unresolved,91,12.5,171,23.489,80,10.989,47,6.45604,510.0,70.0549,0.0,5.0,22.0,381.0
USP10,Q14694,,ULK,798.0,409-798,390.0,48.8722,408.0,51.1278,Unresolved,18,4.41176,25,6.12745,7,1.71569,3,0.735294,380.0,93.1373,0.0,0.0,1.0,236.0
NARG1,Q9BXJ9,,,866.0,1-866,866.0,100.0,0.0,0.0,Resolved,Resolved,Resolved,Resolved,Resolved,Resolved,Resolved,Resolved,Resolved,0.0,Resolved,0.0,0.0,0.0,0.0
GSTO1,P78417,,,241.0,1-241,241.0,100.0,0.0,0.0,Resolved,Resolved,Resolved,Resolved,Resolved,Resolved,Resolved,Resolved,Resolved,0.0,Resolved,0.0,0.0,0.0,0.0
SFXN1,Q9H9B4,,,322.0,0-0,0.0,0.0,322.0,100.0,Unresolved,114,35.514,308,95.9502,194,60.4361,11,3.42679,3.0,0.934579,2.0,3.0,3.0,0.0
HADH,Q16836,,,314.0,2-314,313.0,99.6815,1.0,0.318471,Resolved,Resolved,Resolved,Resolved,Resolved,Resolved,Resolved,Resolved,Resolved,0.0,0,0.0,0.0,0.0,0.0
PGM1,P36871,,,562.0,1-562,562.0,100.0,0.0,0.0,Resolved,Resolved,Resolved,Resolved,Resolved,Resolved,Resolved,Resolved,Resolved,0.0,Resolved,0.0,0.0,0.0,0.0
HSP90B1,P14625,,,803.0,43-779,737.0,91.7808,66.0,8.21918,Resolved,Resolved,Resolved,Resolved,Resolved,Resolved,Resolved,Resolved,Resolved,66.0,100,0.0,0.0,0.0,37.0
HSD17B4,P51659,,,736.0,"1-614,617-736",734.0,99.7283,2.0,0.271739,Resolved,Resolved,Resolved,Resolved,Resolved,Resolved,Resolved,Resolved,Resolved,2.0,100,0.0,0.0,0.0,2.0
SARS,P49591,,,514.0,1-514,514.0,100.0,0.0,0.0,Resolved,Resolved,Resolved,Resolved,Resolved,Resolved,Resolved,Resolved,Resolved,0.0,Resolved,0.0,0.0,0.0,0.0
ALDH2,P05091,,,517.0,1-517,517.0,100.0,0.0,0.0,Resolved,Resolved,Resolved,Resolved,Resolved,Resolved,Resolved,Resolved,Resolved,0.0,Resolved,0.0,0.0,0.0,0.0
UFC1,Q9Y3C8,,,167.0,1-167,167.0,100.0,0.0,0.0,Resolved,Resolved,Resolved,Resolved,Resolved,Resolved,Resolved,Resolved,Resolved,0.0,Resolved,0.0,0.0,0.0,0.0
UFM1,P61960,,,85.0,1-85,85.0,100.0,0.0,0.0,Resolved,Resolved,Resolved,Resolved,Resolved,Resolved,Resolved,Resolved,Resolved,0.0,Resolved,0.0,0.0,0.0,0.0
GOLGA3,Q08378,,,1498.0,0-0,0.0,0.0,1498.0,100.0,Unresolved,216,14.4289,933,62.3246,717,47.8958,120,8.01603,445.0,29.7261,76.0,275.0,100.0,429.0
HTRA2,O43464,,,458.0,127-458,332.0,72.4891,126.0,27.5109,Unresolved,0,0,0,0,0,0,0,0,126.0,100,0.0,0.0,0.0,42.0
DIABLO,Q9NR28,,,239.0,56-239,184.0,76.9874,55.0,23.0126,Unresolved,0,0,0,0,0,0,31,56.3636,24.0,43.6364,0.0,0.0,0.0,0.0
BIRC3,Q13489,,,604.0,4-604,601.0,99.5033,3.0,0.496689,Resolved,Resolved,Resolved,Resolved,Resolved,Resolved,Resolved,Resolved,Resolved,3.0,100,0.0,0.0,0.0,0.0
TANK,Q92844,,,425.0,0-0,0.0,0.0,425.0,100.0,Unresolved,89,20.9906,132,31.1321,43,10.1415,65,15.3302,228.0,53.7736,20.0,8.0,32.0,124.0
BIRC2,Q13490,,,618.0,32-618,587.0,94.9838,31.0,5.01618,Resolved,Resolved,Resolved,Resolved,Resolved,Resolved,Resolved,Resolved,Resolved,31.0,100,0.0,0.0,0.0,0.0
GSK3B,P49841,,,420.0,1-420,420.0,100.0,0.0,0.0,Resolved,Resolved,Resolved,Resolved,Resolved,Resolved,Resolved,Resolved,Resolved,0.0,Resolved,0.0,0.0,0.0,0.0
TRAF2,Q12933,,,501.0,"1-183,266-501",419.0,83.6327,82.0,16.3673,Unresolved,25,30.4878,69,84.1463,44,53.6585,6,7.31707,7.0,8.53659,0.0,0.0,0.0,0.0
PLOD3,O60568,,,738.0,24-738,715.0,96.8835,23.0,3.11653,Resolved,Resolved,Resolved,Resolved,Resolved,Resolved,Resolved,Resolved,Resolved,23.0,100,0.0,0.0,0.0,0.0
C10orf119,Q9BTE3,,,642.0,0-0,0.0,0.0,642.0,100.0,Unresolved,286,44.6178,524,81.7473,238,37.1295,25,3.90016,93.0,14.5086,0.0,19.0,2.0,52.0
TTC15,Q8WVT3,,,735.0,0-0,0.0,0.0,735.0,100.0,Unresolved,275,37.4659,426,58.0381,151,20.5722,19,2.58856,290.0,39.5095,5.0,7.0,7.0,256.0
FLJ12716,Q7Z392,,,1133.0,8-694,687.0,60.6355,446.0,39.3645,Unresolved,195,43.722,405,90.8072,210,47.0852,28,6.27803,13.0,2.9148,1.0,3.0,4.0,0.0
COL18A1,P39060,,,1754.0,"333-444,1442-1496,1568-1754",354.0,20.1824,1400.0,79.8176,Unresolved,90,6.42857,187,13.3571,97,6.92857,97,6.92857,1116.0,79.7143,7.0,15.0,89.0,1002.0
KIAA1012,Q9Y2L5,,,1435.0,346-647,302.0,21.0453,1133.0,78.9547,Unresolved,412,36.3636,844,74.4925,432,38.1289,112,9.88526,177.0,15.6222,21.0,31.0,9.0,77.0
TECPR1,Q7Z6L1,,UBL,1165.0,573-610,38.0,3.2618,1127.0,96.7382,Unresolved,519,46.0515,882,78.2609,363,32.2094,56,4.96894,189.0,16.7702,20.0,22.0,12.0,115.0
TAOK1,Q7L7X3,,,1001.0,1-344,344.0,34.3656,657.0,65.6344,Unresolved,344,52.3592,431,65.6012,87,13.242,27,4.10959,199.0,30.2892,167.0,59.0,23.0,194.0
RASSF1,Q9NS23,,,344.0,"49-107,138-290,293-338",258.0,75.0,86.0,25.0,Unresolved,3,3.48837,8,9.30233,5,5.81395,14,16.2791,64.0,74.4186,0.0,1.0,3.0,10.0
RASSF4,Q8WYP3,,,895.0,624-764,141.0,15.7542,754.0,84.2458,Unresolved,103,13.6605,318,42.1751,215,28.5146,62,8.22281,374.0,49.6021,0.0,4.0,6.0,235.0
FREM1,Q5H8C1,,,2179.0,2049-2179,131.0,6.01193,2048.0,93.9881,Unresolved,78,3.80859,1528,74.6094,1450,70.8008,261,12.7441,259.0,12.6465,1.0,27.0,8.0,86.0
RASSF2,P50749,,,326.0,0-0,0.0,0.0,326.0,100.0,Unresolved,190,58.4615,228,70.1538,38,11.6923,13,4,85.0,26.1538,4.0,14.0,7.0,71.0
CACYBP,Q9HB71,,,228.0,"1-180,188-218",211.0,92.5439,17.0,7.45614,Resolved,Resolved,Resolved,Resolved,Resolved,Resolved,Resolved,Resolved,Resolved,4.0,23.5294,0.0,0.0,7.0,4.0
PLK1,P53350,,,603.0,13-603,591.0,98.01,12.0,1.99005,Resolved,Resolved,Resolved,Resolved,Resolved,Resolved,Resolved,Resolved,Resolved,12.0,100,0.0,0.0,0.0,4.0
SAV1,Q9H4B6,,,383.0,"195-284,291-383",183.0,47.7807,200.0,52.2193,Unresolved,0,0,0,0,0,0,13,6.5,187.0,93.5,0.0,0.0,7.0,100.0
CAB39L,Q9H9S4,,,337.0,4-337,334.0,99.1098,3.0,0.890208,Resolved,Resolved,Resolved,Resolved,Resolved,Resolved,Resolved,Resolved,Resolved,3.0,100,0.0,0.0,0.0,0.0
ALS2CR2,Q9C0K7,,,418.0,7-399,393.0,94.0191,25.0,5.98086,Resolved,Resolved,Resolved,Resolved,Resolved,Resolved,Resolved,Resolved,Resolved,21.0,84,0.0,0.0,1.0,0.0
FKBP5,Q13451,,,457.0,1-457,457.0,100.0,0.0,0.0,Resolved,Resolved,Resolved,Resolved,Resolved,Resolved,Resolved,Resolved,Resolved,0.0,Resolved,0.0,0.0,0.0,0.0
LYK5,Q7RTN6,,,431.0,42-431,390.0,90.4872,41.0,9.51276,Resolved,Resolved,Resolved,Resolved,Resolved,Resolved,Resolved,Resolved,Resolved,24.0,58.5366,0.0,0.0,0.0,10.0
CAB39,Q9Y376,,,341.0,1-341,341.0,100.0,0.0,0.0,Resolved,Resolved,Resolved,Resolved,Resolved,Resolved,Resolved,Resolved,Resolved,0.0,Resolved,0.0,0.0,0.0,0.0
STK11,Q15831,,,433.0,21-389,369.0,85.2194,64.0,14.7806,Unresolved,0,0,0,0,0,0,0,0,64.0,100,0.0,0.0,0.0,30.0
GTF3C3,Q9Y5Q9,,,886.0,"152-320,383-507,764-886",417.0,47.0655,469.0,52.9345,Unresolved,152,32.4094,300,63.9659,148,31.5565,61,13.0064,108.0,23.0277,2.0,18.0,42.0,98.0
NEFM,P07197,,,916.0,86-413,328.0,35.8079,588.0,64.1921,Unresolved,0,0,30,5.10204,30,5.10204,48,8.16327,510.0,86.7347,0.0,30.0,40.0,436.0
MRPL38,Q96DV4,,,380.0,1-380,380.0,100.0,0.0,0.0,Resolved,Resolved,Resolved,Resolved,Resolved,Resolved,Resolved,Resolved,Resolved,0.0,Resolved,0.0,0.0,0.0,0.0
GLG1,Q92896,,,1179.0,0-0,0.0,0.0,1179.0,100.0,Unresolved,313,26.5705,896,76.0611,583,49.4907,148,12.5637,135.0,11.4601,0.0,6.0,1.0,78.0
FLJ20628,Q9BVS5,,,477.0,144-477,334.0,70.021,143.0,29.979,Unresolved,0,0,0,0,0,0,0,0,143.0,100,0.0,0.0,0.0,81.0
ENPP1,P22413,,,925.0,1-925,925.0,100.0,0.0,0.0,Resolved,Resolved,Resolved,Resolved,Resolved,Resolved,Resolved,Resolved,Resolved,0.0,Resolved,0.0,0.0,0.0,0.0
ASPH,Q12797,,,758.0,330-758,429.0,56.5963,329.0,43.4037,Unresolved,0,0,10,3.03951,10,3.03951,31,9.42249,288.0,87.538,0.0,0.0,8.0,267.0
CTNND1,O60716,,,968.0,320-937,618.0,63.843,350.0,36.157,Unresolved,1,0.285714,36,10.2857,35,10,22,6.28571,292.0,83.4286,1.0,29.0,22.0,278.0
GPC4,O75487,,,556.0,26-486,461.0,82.9137,95.0,17.0863,Unresolved,0,0,11,11.5789,11,11.5789,28,29.4737,56.0,58.9474,0.0,0.0,0.0,14.0
INA,Q16352,,,499.0,88-410,323.0,64.7295,176.0,35.2705,Unresolved,0,0,23,13.0682,23,13.0682,35,19.8864,118.0,67.0455,0.0,8.0,18.0,26.0
OSBPL8,Q9BZF1,,,889.0,"147-265,405-736",451.0,50.7312,438.0,49.2688,Unresolved,37,8.44749,97,22.1461,60,13.6986,64,14.6119,277.0,63.242,9.0,14.0,32.0,231.0
EMILIN3,Q9H8L6,,,949.0,0-0,0.0,0.0,949.0,100.0,Unresolved,67,7.06751,521,54.9578,454,47.8903,176,18.5654,252.0,26.5823,4.0,53.0,40.0,117.0
MUTED,Q8TDH9,,,187.0,0-0,0.0,0.0,187.0,100.0,Unresolved,123,66.129,155,83.3333,32,17.2043,7,3.76344,25.0,13.4409,72.0,3.0,3.0,25.0
DIP2B,Q9P265,,,1576.0,"343-931,989-1576",1177.0,74.6827,399.0,25.3173,Unresolved,38,9.52381,97,24.3108,59,14.787,63,15.7895,239.0,59.8997,21.0,38.0,33.0,220.0
CEP78,Q5JTW2,,,689.0,0-0,0.0,0.0,689.0,100.0,Unresolved,194,28.1977,369,53.6337,175,25.436,59,8.57558,261.0,37.936,0.0,6.0,8.0,192.0
ABHD10,Q9NUJ1,,,306.0,53-302,250.0,81.6993,56.0,18.3007,Unresolved,0,0,2,3.57143,2,3.57143,3,5.35714,51.0,91.0714,0.0,0.0,0.0,0.0
PEO1,Q96RR1,,,684.0,259-625,367.0,53.655,317.0,46.345,Unresolved,108,34.0694,176,55.5205,68,21.4511,15,4.73186,126.0,39.7476,1.0,2.0,1.0,63.0
SH3GLB2,Q9NR46,,,395.0,1-395,395.0,100.0,0.0,0.0,Resolved,Resolved,Resolved,Resolved,Resolved,Resolved,Resolved,Resolved,Resolved,0.0,Resolved,0.0,0.0,0.0,0.0
SH3GLB1,Q9Y371,,,365.0,1-365,365.0,100.0,0.0,0.0,Resolved,Resolved,Resolved,Resolved,Resolved,Resolved,Resolved,Resolved,Resolved,0.0,Resolved,0.0,0.0,0.0,0.0
YLPM1,P49750,,ULK,2146.0,0-0,0.0,0.0,2146.0,100.0,Unresolved,29,1.35198,328,15.2914,299,13.9394,154,7.17949,1664.0,77.5758,8.0,125.0,93.0,1525.0
RBMX,P38159,,ULK,391.0,1-105,105.0,26.8542,286.0,73.1458,Unresolved,0,0,2,0.699301,2,0.699301,58,20.2797,226.0,79.021,0.0,2.0,58.0,226.0
SAFB,Q15424,,ULK,915.0,407-486,80.0,8.74317,835.0,91.2568,Unresolved,67,8.02395,143,17.1257,76,9.1018,72,8.62275,620.0,74.2515,36.0,66.0,69.0,603.0
TBK1,Q9UHD2,,ULK,729.0,1-729,729.0,100.0,0.0,0.0,Resolved,Resolved,Resolved,Resolved,Resolved,Resolved,Resolved,Resolved,Resolved,0.0,Resolved,0.0,0.0,0.0,0.0
HSBP1,O75506,,ULK,76.0,6-53,48.0,63.1579,28.0,36.8421,Unresolved,6,21.4286,11,39.2857,5,17.8571,17,60.7143,0.0,0,4.0,5.0,17.0,0.0
SMCR8,Q8TEV9,,ULK,937.0,1-937,937.0,100.0,0.0,0.0,Resolved,Resolved,Resolved,Resolved,Resolved,Resolved,Resolved,Resolved,Resolved,0.0,Resolved,0.0,0.0,0.0,0.0
KCTD12,Q96CX2,,,325.0,"23-134,187-325",251.0,77.2308,74.0,22.7692,Unresolved,0,0,0,0,0,0,15,20.2703,59.0,79.7297,0.0,0.0,14.0,53.0
TXNDC4,Q9BS26,,,406.0,22-406,385.0,94.8276,21.0,5.17241,Resolved,Resolved,Resolved,Resolved,Resolved,Resolved,Resolved,Resolved,Resolved,17.0,80.9524,0.0,0.0,0.0,0.0
MAP1S,Q66K74,,,1059.0,0-0,0.0,0.0,1059.0,100.0,Unresolved,331,31.2854,540,51.0397,209,19.7543,32,3.02457,487.0,46.0302,13.0,3.0,4.0,471.0
RABGAP1L,Q5R372,,,815.0,505-815,311.0,38.1595,504.0,61.8405,Unresolved,125,24.8016,303,60.119,178,35.3175,25,4.96032,176.0,34.9206,3.0,14.0,4.0,136.0
GDI1,P31150,,,447.0,1-447,447.0,100.0,0.0,0.0,Resolved,Resolved,Resolved,Resolved,Resolved,Resolved,Resolved,Resolved,Resolved,0.0,Resolved,0.0,0.0,0.0,0.0
GDI2,P50395,,,445.0,1-444,444.0,99.7753,1.0,0.224719,Resolved,Resolved,Resolved,Resolved,Resolved,Resolved,Resolved,Resolved,Resolved,1.0,100,0.0,0.0,0.0,0.0
RAB24,Q969Q5,,,203.0,1-201,201.0,99.0148,2.0,0.985222,Resolved,Resolved,Resolved,Resolved,Resolved,Resolved,Resolved,Resolved,Resolved,2.0,100,0.0,0.0,0.0,0.0
NET1,P23975,,,617.0,49-607,559.0,90.5997,58.0,9.40032,Resolved,Resolved,Resolved,Resolved,Resolved,Resolved,Resolved,Resolved,Resolved,48.0,82.7586,0.0,0.0,0.0,15.0
MAP3K15,Q6ZN16,,,1313.0,"242-623,628-959,1241-1308",782.0,59.5583,531.0,40.4417,Unresolved,36,6.77966,285,53.6723,249,46.8927,78,14.6893,168.0,31.6384,4.0,9.0,16.0,129.0
CASP14,P31944,,,242.0,9-242,234.0,96.6942,8.0,3.30579,Resolved,Resolved,Resolved,Resolved,Resolved,Resolved,Resolved,Resolved,Resolved,1.0,12.5,0.0,0.0,7.0,1.0
TGM3,Q08188,,,693.0,2-693,692.0,99.8557,1.0,0.1443,Resolved,Resolved,Resolved,Resolved,Resolved,Resolved,Resolved,Resolved,Resolved,0.0,0,0.0,0.0,0.0,0.0
ACACA,Q13085,,,2346.0,1-2346,2346.0,100.0,0.0,0.0,Resolved,Resolved,Resolved,Resolved,Resolved,Resolved,Resolved,Resolved,Resolved,0.0,Resolved,0.0,0.0,0.0,0.0
DFFA,O00273,,,331.0,"1-100,225-331",207.0,62.5378,124.0,37.4622,Unresolved,29,23.3871,86,69.3548,57,45.9677,16,12.9032,22.0,17.7419,0.0,0.0,0.0,0.0
FNIP1,Q8TF40,,,1166.0,"1-596,913-1166",850.0,72.8988,316.0,27.1012,Unresolved,0,0,7,2.21519,7,2.21519,11,3.48101,298.0,94.3038,0.0,7.0,11.0,114.0
PARS2,Q7L3T8,,,475.0,36-470,435.0,91.5789,40.0,8.42105,Resolved,Resolved,Resolved,Resolved,Resolved,Resolved,Resolved,Resolved,Resolved,35.0,87.5,0.0,0.0,0.0,0.0
AGL,P35573,,,1532.0,46-1532,1487.0,97.0627,45.0,2.93734,Resolved,Resolved,Resolved,Resolved,Resolved,Resolved,Resolved,Resolved,Resolved,3.0,6.66667,0.0,0.0,0.0,0.0
GFPT1,Q06210,,,699.0,1-699,699.0,100.0,0.0,0.0,Resolved,Resolved,Resolved,Resolved,Resolved,Resolved,Resolved,Resolved,Resolved,0.0,Resolved,0.0,0.0,0.0,0.0
ULK1,O75385,Core,"PI3K,UBL,ULK",1050.0,1-383,383.0,36.4762,667.0,63.5238,Unresolved,92,13.7931,174,26.087,82,12.2939,46,6.89655,447.0,67.0165,0.0,2.0,21.0,409.0
AMOT,Q4VCS5,,,1084.0,0-0,0.0,0.0,1084.0,100.0,Unresolved,246,22.7147,348,32.133,102,9.41828,71,6.55586,665.0,61.4035,102.0,65.0,62.0,518.0
FLCN,Q8NFG4,,,579.0,1-579,579.0,100.0,0.0,0.0,Resolved,Resolved,Resolved,Resolved,Resolved,Resolved,Resolved,Resolved,Resolved,0.0,Resolved,0.0,0.0,0.0,0.0
GYG1,P46976,,,350.0,1-350,350.0,100.0,0.0,0.0,Resolved,Resolved,Resolved,Resolved,Resolved,Resolved,Resolved,Resolved,Resolved,0.0,Resolved,0.0,0.0,0.0,0.0
BAIAP2L1,Q9UHR4,,,511.0,"1-246,339-402",310.0,60.6654,201.0,39.3346,Unresolved,0,0,6,2.98507,6,2.98507,32,15.9204,163.0,81.0945,0.0,6.0,22.0,126.0
MAP3K6,O95382,,,1288.0,"234-616,621-953",716.0,55.5901,572.0,44.4099,Unresolved,60,10.4895,326,56.993,266,46.5035,103,18.007,143.0,25,11.0,32.0,19.0,102.0
MAP3K5,Q99683,,,1374.0,269-977,709.0,51.6012,665.0,48.3988,Unresolved,51,7.66917,356,53.5338,305,45.8647,66,9.92481,243.0,36.5414,1.0,6.0,3.0,127.0
MAST3,O60307,,,1309.0,"180-281,323-729,945-1044",609.0,46.5241,700.0,53.4759,Unresolved,0,0,38,5.42857,38,5.42857,35,5,627.0,89.5714,0.0,0.0,9.0,564.0
KIAA0284,Q9Y4F5,,,1589.0,1-124,124.0,7.80365,1465.0,92.1963,Unresolved,25,1.70648,169,11.5358,144,9.82935,130,8.87372,1166.0,79.5904,9.0,92.0,103.0,1123.0
PRKAG2,Q9UGJ0,,"PI3K,UBL",569.0,255-564,310.0,54.4815,259.0,45.5185,Unresolved,0,0,0,0,0,0,1,0.3861,258.0,99.6139,0.0,0.0,0.0,222.0
STIM1,Q13586,,,685.0,"55-201,234-444",358.0,52.2628,327.0,47.7372,Unresolved,12,3.66972,62,18.9602,50,15.2905,28,8.56269,237.0,72.4771,0.0,1.0,5.0,219.0
SH3PXD2A,Q5TCZ1,,,1133.0,"6-134,155-337,448-515,842-908,1072-1133",509.0,44.925,624.0,55.075,Unresolved,0,0,3,0.480769,3,0.480769,44,7.05128,577.0,92.4679,0.0,1.0,28.0,506.0
STIM2,Q9P246,,,746.0,"62-205,238-448",355.0,47.5871,391.0,52.4129,Unresolved,12,3.06905,42,10.7417,30,7.67263,45,11.509,304.0,77.7494,0.0,0.0,15.0,200.0
MLF2,Q15773,,,248.0,0-0,0.0,0.0,248.0,100.0,Unresolved,58,23.4818,103,41.7004,45,18.2186,53,21.4575,92.0,37.247,55.0,39.0,18.0,53.0
RPL35,P42766,,,123.0,1-123,123.0,100.0,0.0,0.0,Resolved,Resolved,Resolved,Resolved,Resolved,Resolved,Resolved,Resolved,Resolved,0.0,Resolved,0.0,0.0,0.0,0.0
PRKAB1,Q9Y478,,PI3K,270.0,1-270,270.0,100.0,0.0,0.0,Resolved,Resolved,Resolved,Resolved,Resolved,Resolved,Resolved,Resolved,Resolved,0.0,Resolved,0.0,0.0,0.0,0.0
PRKAB2,O43741,,"PI3K,ULK",272.0,1-272,272.0,100.0,0.0,0.0,Resolved,Resolved,Resolved,Resolved,Resolved,Resolved,Resolved,Resolved,Resolved,0.0,Resolved,0.0,0.0,0.0,0.0
FMR1,Q06787,,,632.0,"1-334,396-425",364.0,57.5949,268.0,42.4051,Unresolved,2,0.746269,19,7.08955,17,6.34328,11,4.10448,238.0,88.806,1.0,9.0,10.0,215.0
FXR2,P51116,,,673.0,13-369,357.0,53.0461,316.0,46.9539,Unresolved,10,3.16456,19,6.01266,9,2.8481,24,7.59494,273.0,86.3924,1.0,4.0,23.0,266.0
SUPT16H,Q9Y5B9,,,1047.0,1-1008,1008.0,96.2751,39.0,3.72493,Resolved,Resolved,Resolved,Resolved,Resolved,Resolved,Resolved,Resolved,Resolved,29.0,74.359,0.0,0.0,10.0,29.0
EIF5B,O60841,,,1220.0,594-1220,627.0,51.3934,593.0,48.6066,Unresolved,0,0,107,18.0438,107,18.0438,36,6.07083,450.0,75.8853,0.0,107.0,36.0,450.0
PRMT7,Q9NVM4,,,692.0,1-690,690.0,99.711,2.0,0.289017,Resolved,Resolved,Resolved,Resolved,Resolved,Resolved,Resolved,Resolved,Resolved,2.0,100,0.0,0.0,0.0,0.0
CLPTM1L,Q96KA5,,PI3K,538.0,0-0,0.0,0.0,538.0,100.0,Unresolved,92,17.1322,425,79.1434,333,62.0112,79,14.7114,34.0,6.33147,1.0,0.0,5.0,11.0
EIF3S10,Q14152,,,1382.0,1-1382,1382.0,100.0,0.0,0.0,Resolved,Resolved,Resolved,Resolved,Resolved,Resolved,Resolved,Resolved,Resolved,0.0,Resolved,0.0,0.0,0.0,0.0
TBL2,Q9Y4P3,,,447.0,73-437,365.0,81.6555,82.0,18.3445,Unresolved,0,0,13,15.8537,13,15.8537,24,29.2683,45.0,54.878,0.0,0.0,1.0,31.0
G3BP1,Q13283,,ULK,466.0,1-139,139.0,29.8283,327.0,70.1717,Unresolved,6,1.83486,73,22.3242,67,20.4893,54,16.5138,200.0,61.1621,2.0,31.0,48.0,200.0
SND1,Q7KZF4,,,910.0,16-910,895.0,98.3516,15.0,1.64835,Resolved,Resolved,Resolved,Resolved,Resolved,Resolved,Resolved,Resolved,Resolved,15.0,100,0.0,0.0,0.0,15.0
PDPK1,O15530,,,556.0,39-556,518.0,93.1655,38.0,6.83453,Resolved,Resolved,Resolved,Resolved,Resolved,Resolved,Resolved,Resolved,Resolved,38.0,100,0.0,0.0,0.0,20.0
CSNK1G3,Q9Y6M4,,,447.0,4-369,366.0,81.8792,81.0,18.1208,Unresolved,0,0,0,0,0,0,0,0,81.0,100,0.0,0.0,0.0,61.0
STX5,Q13190,,,355.0,0-0,0.0,0.0,355.0,100.0,Unresolved,61,17.2316,199,56.2147,138,38.9831,82,23.1638,74.0,20.904,0.0,11.0,30.0,30.0
STX6,O43752,,,255.0,"1-110,169-234",176.0,69.0196,79.0,30.9804,Unresolved,16,20.2532,49,62.0253,33,41.7722,17,21.519,13.0,16.4557,0.0,1.0,7.0,11.0
SNAP23,O00161,,,211.0,5-211,207.0,98.1043,4.0,1.89573,Resolved,Resolved,Resolved,Resolved,Resolved,Resolved,Resolved,Resolved,Resolved,1.0,25,0.0,0.0,3.0,1.0
SNAP29,O95721,,,258.0,"39-130,191-258",160.0,62.0155,98.0,37.9845,Unresolved,2,2.04082,20,20.4082,18,18.3673,32,32.6531,46.0,46.9388,2.0,18.0,32.0,45.0
VTI1B,Q9UEU0,,,232.0,"1-96,127-206",176.0,75.8621,56.0,24.1379,Unresolved,20,35.7143,29,51.7857,9,16.0714,11,19.6429,16.0,28.5714,0.0,2.0,4.0,12.0
STX7,O15400,,,261.0,10-258,249.0,95.4023,12.0,4.5977,Resolved,Resolved,Resolved,Resolved,Resolved,Resolved,Resolved,Resolved,Resolved,7.0,58.3333,0.0,0.0,2.0,7.0
STX8,Q9UNK0,,,236.0,148-209,62.0,26.2712,174.0,73.7288,Unresolved,53,30.4598,125,71.8391,72,41.3793,19,10.9195,30.0,17.2414,0.0,8.0,4.0,18.0
STX12,Q86Y82,,,276.0,13-269,257.0,93.1159,19.0,6.88406,Resolved,Resolved,Resolved,Resolved,Resolved,Resolved,Resolved,Resolved,Resolved,3.0,15.7895,0.0,0.0,9.0,3.0
NAPG,Q99747,,,312.0,1-312,312.0,100.0,0.0,0.0,Resolved,Resolved,Resolved,Resolved,Resolved,Resolved,Resolved,Resolved,Resolved,0.0,Resolved,0.0,0.0,0.0,0.0
NAPA,O96009,,,420.0,12-408,397.0,94.5238,23.0,5.47619,Resolved,Resolved,Resolved,Resolved,Resolved,Resolved,Resolved,Resolved,Resolved,22.0,95.6522,0.0,0.0,0.0,0.0
CPVL,Q9H3G5,,,476.0,58-469,412.0,86.5546,64.0,13.4454,Unresolved,24,37.5,34,53.125,10,15.625,9,14.0625,21.0,32.8125,0.0,0.0,0.0,0.0
CHEK1,O14757,,,476.0,1-476,476.0,100.0,0.0,0.0,Resolved,Resolved,Resolved,Resolved,Resolved,Resolved,Resolved,Resolved,Resolved,0.0,Resolved,0.0,0.0,0.0,0.0
DYNLL1,P63167,,PI3K,89.0,1-89,89.0,100.0,0.0,0.0,Resolved,Resolved,Resolved,Resolved,Resolved,Resolved,Resolved,Resolved,Resolved,0.0,Resolved,0.0,0.0,0.0,0.0
NEK7,Q8TDX7,,,302.0,1-302,302.0,100.0,0.0,0.0,Resolved,Resolved,Resolved,Resolved,Resolved,Resolved,Resolved,Resolved,Resolved,0.0,Resolved,0.0,0.0,0.0,0.0
SF3A1,Q15459,,UBL,793.0,1-793,793.0,100.0,0.0,0.0,Resolved,Resolved,Resolved,Resolved,Resolved,Resolved,Resolved,Resolved,Resolved,0.0,Resolved,0.0,0.0,0.0,0.0
TFCP2,Q12800,,UBL,502.0,67-290,224.0,44.6215,278.0,55.3785,Unresolved,98,35.2518,148,53.2374,50,17.9856,24,8.63309,106.0,38.1295,9.0,6.0,8.0,37.0
DOCK1,Q14185,,UBL,1865.0,1-1713,1713.0,91.8499,152.0,8.15013,Resolved,Resolved,Resolved,Resolved,Resolved,Resolved,Resolved,Resolved,Resolved,152.0,100,0.0,0.0,0.0,147.0
SAFB2,Q14151,,"UBL,ULK",953.0,408-487,80.0,8.39454,873.0,91.6055,Unresolved,107,12.2566,161,18.4422,54,6.18557,91,10.4238,621.0,71.134,76.0,42.0,89.0,593.0
PIK3C2A,O00443,,UBL,1686.0,"671-1395,1405-1686",1007.0,59.7272,679.0,40.2728,Unresolved,76,11.1929,225,33.137,149,21.944,59,8.68925,395.0,58.1738,0.0,3.0,16.0,121.0
PDCD6IP,Q8WUM4,,UBL,868.0,1-708,708.0,81.5668,160.0,18.4332,Unresolved,0,0,7,4.375,7,4.375,20,12.5,133.0,83.125,0.0,7.0,20.0,107.0
CLTA,P09496,,UBL,248.0,21-246,226.0,91.129,22.0,8.87097,Resolved,Resolved,Resolved,Resolved,Resolved,Resolved,Resolved,Resolved,Resolved,21.0,95.4545,0.0,0.0,0.0,20.0
RAB3GAP2,Q9H2M9,,UBL,1393.0,0-0,0.0,0.0,1393.0,100.0,Unresolved,570,40.9483,1103,79.2385,533,38.2902,126,9.05172,164.0,11.7816,0.0,3.0,9.0,70.0
RAB3GAP1,Q15042,,UBL,981.0,0-0,0.0,0.0,981.0,100.0,Unresolved,436,44.4898,728,74.2857,292,29.7959,63,6.42857,190.0,19.3878,15.0,46.0,15.0,109.0
RASSF5,Q8WWW0,,UBL,418.0,"100-170,205-362,365-418",283.0,67.7033,135.0,32.2967,Unresolved,0,0,1,0.740741,1,0.740741,6,4.44444,128.0,94.8148,0.0,0.0,3.0,114.0
CLTC,Q00610,,UBL,1675.0,1-1675,1675.0,100.0,0.0,0.0,Resolved,Resolved,Resolved,Resolved,Resolved,Resolved,Resolved,Resolved,Resolved,0.0,Resolved,0.0,0.0,0.0,0.0
STK3,Q13188,,UBL,491.0,"1-351,428-491",415.0,84.5214,76.0,15.4786,Unresolved,0,0,0,0,0,0,17,22.3684,59.0,77.6316,0.0,0.0,17.0,59.0
STK4,Q13043,,UBL,487.0,"1-327,424-487",391.0,80.2875,96.0,19.7125,Unresolved,0,0,0,0,0,0,10,10.4167,86.0,89.5833,0.0,0.0,7.0,86.0
MAP1LC3A,Q9H492,Core,"ATG9,UBL",121.0,1-121,121.0,100.0,0.0,0.0,Resolved,Resolved,Resolved,Resolved,Resolved,Resolved,Resolved,Resolved,Resolved,0.0,Resolved,0.0,0.0,0.0,0.0
FIP200/RB1CC1,Q8TDY2,Core,"PI3K,UBL,ULK",1594.0,1458-1594,137.0,8.59473,1457.0,91.4053,Unresolved,316,21.6884,1063,72.9581,747,51.2697,95,6.52025,299.0,20.5216,0.0,90.0,17.0,193.0
CUL2,Q13617,,,745.0,1-745,745.0,100.0,0.0,0.0,Resolved,Resolved,Resolved,Resolved,Resolved,Resolved,Resolved,Resolved,Resolved,0.0,Resolved,0.0,0.0,0.0,0.0
NUDCD3,Q8IVD9,,,361.0,176-315,140.0,38.7812,221.0,61.2188,Unresolved,60,27.1493,142,64.2534,82,37.1041,19,8.59729,60.0,27.1493,10.0,28.0,8.0,57.0
KIAA0265,Q6PID8,,,442.0,84-384,301.0,68.0995,141.0,31.9005,Unresolved,61,43.2624,66,46.8085,5,3.5461,3,2.12766,72.0,51.0638,5.0,3.0,3.0,45.0
VANGL1,Q8TAA9,,,524.0,0-0,0.0,0.0,524.0,100.0,Unresolved,197,37.6673,350,66.9216,153,29.2543,83,15.87,91.0,17.3996,2.0,16.0,13.0,80.0
ZNF24,P17028,,,368.0,"44-137,237-368",226.0,61.413,142.0,38.587,Unresolved,0,0,0,0,0,0,20,14.0845,122.0,85.9155,0.0,0.0,5.0,65.0
BRSK2,Q8IWQ3,,,736.0,"1-378,518-646",507.0,68.8859,229.0,31.1141,Unresolved,0,0,0,0,0,0,5,2.18341,224.0,97.8166,0.0,0.0,5.0,184.0
GTF3C1,Q12789,,,2109.0,0-0,0.0,0.0,2109.0,100.0,Unresolved,148,7.02087,1211,57.4478,1063,50.4269,222,10.5313,676.0,32.0683,0.0,32.0,20.0,456.0
GBF1,Q92538,,,1859.0,686-896,211.0,11.3502,1648.0,88.6498,Unresolved,553,33.5558,1002,60.801,449,27.2451,83,5.03641,563.0,34.1626,4.0,16.0,23.0,471.0
MTM1,Q13496,,,603.0,2-601,600.0,99.5025,3.0,0.497512,Resolved,Resolved,Resolved,Resolved,Resolved,Resolved,Resolved,Resolved,Resolved,3.0,100,0.0,0.0,0.0,0.0
ERC1,Q8IUD2,,,1116.0,0-0,0.0,0.0,1116.0,100.0,Unresolved,361,32.3767,771,69.148,410,36.7713,127,11.3901,218.0,19.5516,166.0,237.0,89.0,206.0
KIAA1967,Q8N163,,,923.0,0-0,0.0,0.0,923.0,100.0,Unresolved,312,33.8395,500,54.2299,188,20.3905,64,6.94143,359.0,38.9371,56.0,25.0,39.0,244.0
EIF4B,P23588,,,611.0,1-611,611.0,100.0,0.0,0.0,Resolved,Resolved,Resolved,Resolved,Resolved,Resolved,Resolved,Resolved,Resolved,0.0,Resolved,0.0,0.0,0.0,0.0
POLRMT,O00411,,,1230.0,105-1230,1126.0,91.5447,104.0,8.45528,Resolved,Resolved,Resolved,Resolved,Resolved,Resolved,Resolved,Resolved,Resolved,91.0,87.5,0.0,0.0,0.0,53.0
NUP155,O75694,,,1391.0,1-1391,1391.0,100.0,0.0,0.0,Resolved,Resolved,Resolved,Resolved,Resolved,Resolved,Resolved,Resolved,Resolved,0.0,Resolved,0.0,0.0,0.0,0.0
IQGAP1,P46940,,,1657.0,"1-210,960-1345,1556-1657",698.0,42.1243,959.0,57.8757,Unresolved,148,15.4327,765,79.7706,617,64.3379,111,11.5746,83.0,8.65485,6.0,82.0,37.0,25.0
NSUN4,Q96CB9,,,384.0,1-384,384.0,100.0,0.0,0.0,Resolved,Resolved,Resolved,Resolved,Resolved,Resolved,Resolved,Resolved,Resolved,0.0,Resolved,0.0,0.0,0.0,0.0
MRPL45,Q9BRJ2,,,306.0,1-306,306.0,100.0,0.0,0.0,Resolved,Resolved,Resolved,Resolved,Resolved,Resolved,Resolved,Resolved,Resolved,0.0,Resolved,0.0,0.0,0.0,0.0
C18orf22,Q8N0V3,,,343.0,80-204,125.0,36.4431,218.0,63.5569,Unresolved,10,4.58716,19,8.7156,9,4.12844,92,42.2018,107.0,49.0826,3.0,3.0,40.0,57.0
TJP2,Q9UDY2,,,1190.0,"10-133,305-961",781.0,65.6303,409.0,34.3697,Unresolved,5,1.22249,39,9.53545,34,8.31296,20,4.88998,350.0,85.5746,5.0,34.0,20.0,340.0
TJP1,Q07157,,,1748.0,"6-119,182-273,409-888,1629-1748",806.0,46.1098,942.0,53.8902,Unresolved,0,0,5,0.530786,5,0.530786,11,1.16773,926.0,98.3015,0.0,5.0,11.0,899.0
RBM26,Q5T8P6,,,1007.0,0-0,0.0,0.0,1007.0,100.0,Unresolved,132,13.1213,366,36.3817,234,23.2604,90,8.94632,551.0,54.7714,29.0,62.0,71.0,474.0
PIK4CB,Q9UBF8,,,816.0,"1-68,121-428,522-815",670.0,82.1078,146.0,17.8922,Unresolved,0,0,0,0,0,0,13,8.90411,133.0,91.0959,0.0,0.0,2.0,54.0
C17orf42,Q96QE5,,,360.0,36-360,325.0,90.2778,35.0,9.72222,Resolved,Resolved,Resolved,Resolved,Resolved,Resolved,Resolved,Resolved,Resolved,35.0,100,0.0,0.0,0.0,0.0
PKP1,Q13835,,ATG9,747.0,244-728,485.0,64.9264,262.0,35.0736,Unresolved,0,0,13,4.96183,13,4.96183,25,9.54198,224.0,85.4962,0.0,10.0,17.0,46.0
SEC22B,O75396,,,215.0,1-195,195.0,90.6977,20.0,9.30233,Resolved,Resolved,Resolved,Resolved,Resolved,Resolved,Resolved,Resolved,Resolved,0.0,0,0.0,0.0,0.0,0.0
NSF,P46459,,,744.0,1-744,744.0,100.0,0.0,0.0,Resolved,Resolved,Resolved,Resolved,Resolved,Resolved,Resolved,Resolved,Resolved,0.0,Resolved,0.0,0.0,0.0,0.0
SCFD1,Q8WVM8,,,642.0,12-642,631.0,98.2866,11.0,1.7134,Resolved,Resolved,Resolved,Resolved,Resolved,Resolved,Resolved,Resolved,Resolved,10.0,90.9091,0.0,0.0,0.0,0.0
GOSR1,O95249,,,250.0,0-0,0.0,0.0,250.0,100.0,Unresolved,123,49.3976,213,85.5422,90,36.1446,25,10.0402,12.0,4.81928,6.0,8.0,6.0,11.0
KRT85,P78386,,,507.0,"120-273,287-434",302.0,59.5661,205.0,40.4339,Unresolved,0,0,3,1.46341,3,1.46341,23,11.2195,179.0,87.3171,0.0,0.0,0.0,1.0
KIAA1303,Q8N122,,,1335.0,1-1335,1335.0,100.0,0.0,0.0,Resolved,Resolved,Resolved,Resolved,Resolved,Resolved,Resolved,Resolved,Resolved,0.0,Resolved,0.0,0.0,0.0,0.0
FRAP1,P42345,,,2549.0,1-2549,2549.0,100.0,0.0,0.0,Resolved,Resolved,Resolved,Resolved,Resolved,Resolved,Resolved,Resolved,Resolved,0.0,Resolved,0.0,0.0,0.0,0.0
GBL,Q9BVC4,,,326.0,1-326,326.0,100.0,0.0,0.0,Resolved,Resolved,Resolved,Resolved,Resolved,Resolved,Resolved,Resolved,Resolved,0.0,Resolved,0.0,0.0,0.0,0.0
DDX39,O00148,,,427.0,1-427,427.0,100.0,0.0,0.0,Resolved,Resolved,Resolved,Resolved,Resolved,Resolved,Resolved,Resolved,Resolved,0.0,Resolved,0.0,0.0,0.0,0.0
MTA2,O94776,,,668.0,1-668,668.0,100.0,0.0,0.0,Resolved,Resolved,Resolved,Resolved,Resolved,Resolved,Resolved,Resolved,Resolved,0.0,Resolved,0.0,0.0,0.0,0.0
PFAS,O15067,,,1338.0,87-1331,1245.0,93.0493,93.0,6.95067,Resolved,Resolved,Resolved,Resolved,Resolved,Resolved,Resolved,Resolved,Resolved,4.0,4.30108,1.0,8.0,4.0,0.0
PARP1,P09874,,,1014.0,"1-366,381-489,518-1014",972.0,95.858,42.0,4.14201,Resolved,Resolved,Resolved,Resolved,Resolved,Resolved,Resolved,Resolved,Resolved,42.0,100,0.0,0.0,0.0,29.0
PFKP,Q01813,,ATG9,784.0,1-784,784.0,100.0,0.0,0.0,Resolved,Resolved,Resolved,Resolved,Resolved,Resolved,Resolved,Resolved,Resolved,0.0,Resolved,0.0,0.0,0.0,0.0
PTPLAD1,Q9P035,,UBL,362.0,3-155,153.0,42.2652,209.0,57.7348,Unresolved,139,66.5072,189,90.4306,50,23.9234,13,6.2201,7.0,3.34928,0.0,0.0,0.0,0.0
RCN2,Q14257,,UBL,317.0,0-0,0.0,0.0,317.0,100.0,Unresolved,112,35.443,253,80.0633,141,44.6203,9,2.8481,55.0,17.4051,10.0,7.0,2.0,0.0
WDR62,O43379,,UBL,1518.0,"51-261,364-755",603.0,39.7233,915.0,60.2767,Unresolved,82,8.96175,138,15.082,56,6.12022,56,6.12022,721.0,78.7978,0.0,10.0,6.0,537.0
CLINT1,Q14677,,UBL,625.0,1-166,166.0,26.56,459.0,73.44,Unresolved,0,0,16,3.48584,16,3.48584,82,17.8649,361.0,78.6492,0.0,9.0,52.0,264.0
KBTBD7,Q8WVZ9,,UBL,684.0,29-683,655.0,95.7602,29.0,4.23977,Resolved,Resolved,Resolved,Resolved,Resolved,Resolved,Resolved,Resolved,Resolved,27.0,93.1034,0.0,0.0,1.0,23.0
CUL3,Q13618,,UBL,768.0,1-768,768.0,100.0,0.0,0.0,Resolved,Resolved,Resolved,Resolved,Resolved,Resolved,Resolved,Resolved,Resolved,0.0,Resolved,0.0,0.0,0.0,0.0
PRKAR1A,P10644,,UBL,381.0,1-381,381.0,100.0,0.0,0.0,Resolved,Resolved,Resolved,Resolved,Resolved,Resolved,Resolved,Resolved,Resolved,0.0,Resolved,0.0,0.0,0.0,0.0
PRKCI,P41743,,UBL,596.0,"20-111,116-190,220-596",544.0,91.2752,52.0,8.72483,Resolved,Resolved,Resolved,Resolved,Resolved,Resolved,Resolved,Resolved,Resolved,45.0,86.5385,0.0,0.0,0.0,40.0
LLGL1,Q15334,,UBL,1064.0,15-950,936.0,87.9699,128.0,12.0301,Unresolved,0,0,5,3.90625,5,3.90625,5,3.90625,118.0,92.1875,0.0,0.0,0.0,85.0
BRWD2,Q9BZH6,,UBL,1224.0,0-0,0.0,0.0,1224.0,100.0,Unresolved,624,51.0221,1038,84.8733,414,33.8512,80,6.54129,106.0,8.66721,0.0,13.0,6.0,23.0
TMEM160,Q9NX00,,UBL,188.0,0-0,0.0,0.0,188.0,100.0,Unresolved,88,47.0588,116,62.0321,28,14.9733,33,17.6471,39.0,20.8556,0.0,1.0,11.0,29.0
NIPSNAP1,Q9BPW8,,UBL,284.0,184-282,99.0,34.8592,185.0,65.1408,Unresolved,109,58.9189,120,64.8649,11,5.94595,9,4.86486,56.0,30.2703,0.0,0.0,2.0,0.0
GYS1,P13807,,UBL,737.0,23-662,640.0,86.8385,97.0,13.1615,Unresolved,0,0,2,2.06186,2,2.06186,14,14.433,81.0,83.5052,0.0,2.0,12.0,61.0
RABGAP1,Q9Y3P9,,UBL,1069.0,533-849,317.0,29.6539,752.0,70.3461,Unresolved,198,26.3298,465,61.8351,267,35.5053,83,11.0372,204.0,27.1277,20.0,25.0,20.0,165.0
NEK9,Q8TD19,,UBL,979.0,18-751,734.0,74.9745,245.0,25.0255,Unresolved,6,2.44898,41,16.7347,35,14.2857,17,6.93878,187.0,76.3265,0.0,0.0,7.0,147.0
KBTBD6,Q86V97,,UBL,674.0,33-572,540.0,80.1187,134.0,19.8813,Unresolved,24,17.9104,52,38.806,28,20.8955,14,10.4478,68.0,50.7463,0.0,0.0,3.0,40.0
TBC1D2B,Q9UPU7,,UBL,963.0,"36-143,591-906",424.0,44.0291,539.0,55.9709,Unresolved,43,7.97774,212,39.3321,169,31.3544,70,12.987,257.0,47.6809,1.0,27.0,29.0,187.0
PIK3CG,P48736,,UBL,1102.0,1-1102,1102.0,100.0,0.0,0.0,Resolved,Resolved,Resolved,Resolved,Resolved,Resolved,Resolved,Resolved,Resolved,0.0,Resolved,0.0,0.0,0.0,0.0
NSMAF,Q92636,,UBL,917.0,194-917,724.0,78.9531,193.0,21.0469,Unresolved,128,66.3212,157,81.3472,29,15.0259,21,10.8808,15.0,7.77202,0.0,0.0,1.0,3.0
KEAP1,Q14145,,UBL,624.0,1-624,624.0,100.0,0.0,0.0,Resolved,Resolved,Resolved,Resolved,Resolved,Resolved,Resolved,Resolved,Resolved,0.0,Resolved,0.0,0.0,0.0,0.0
KIAA0329,O15040,,,1411.0,0-0,0.0,0.0,1411.0,100.0,Unresolved,505,35.8156,847,60.0709,342,24.2553,54,3.82979,510.0,36.1702,2.0,8.0,0.0,385.0
GBAS,O75323,,UBL,286.0,186-284,99.0,34.6154,187.0,65.3846,Unresolved,110,58.8235,122,65.2406,12,6.41711,12,6.41711,53.0,28.3422,0.0,0.0,1.0,0.0
NBR1,Q14596,,UBL,966.0,"1-85,365-485,913-959",253.0,26.1905,713.0,73.8095,Unresolved,64,8.97616,136,19.0743,72,10.0982,66,9.25666,511.0,71.669,15.0,6.0,4.0,332.0
RANBP5,O00410,,UBL,1097.0,1-1097,1097.0,100.0,0.0,0.0,Resolved,Resolved,Resolved,Resolved,Resolved,Resolved,Resolved,Resolved,Resolved,0.0,Resolved,0.0,0.0,0.0,0.0
SQSTM1,Q13501,,UBL,440.0,"1-180,386-436",231.0,52.5,209.0,47.5,Unresolved,12,5.74163,36,17.2249,24,11.4833,35,16.7464,138.0,66.0287,5.0,24.0,30.0,127.0
GENX-3414,O95210,,,358.0,0-0,0.0,0.0,358.0,100.0,Unresolved,94,26.3305,98,27.451,4,1.12045,31,8.68347,229.0,64.1457,0.0,0.0,9.0,159.0
NEDD4,P46934,,UBL,1319.0,517-1319,803.0,60.8795,516.0,39.1205,Unresolved,0,0,1,0.193798,1,0.193798,7,1.35659,508.0,98.4496,0.0,0.0,0.0,117.0
DYX1C1,Q8WXU2,,UBL,420.0,285-414,130.0,30.9524,290.0,69.0476,Unresolved,122,42.069,232,80,110,37.931,28,9.65517,30.0,10.3448,19.0,20.0,3.0,17.0
NCOA7,Q8NI08,,UBL,942.0,776-942,167.0,17.7282,775.0,82.2718,Unresolved,26,3.35484,161,20.7742,135,17.4194,83,10.7097,531.0,68.5161,3.0,20.0,24.0,334.0
PI4KII,Q9BTU6,,UBL,479.0,72-468,397.0,82.881,82.0,17.119,Unresolved,0,0,1,1.21951,1,1.21951,7,8.53659,74.0,90.2439,0.0,0.0,6.0,65.0
TBC1D15,Q8TC07,,UBL,691.0,287-634,348.0,50.3618,343.0,49.6382,Unresolved,14,4.08163,96,27.9883,82,23.9067,27,7.87172,220.0,64.1399,0.0,0.0,1.0,62.0
FNBP1,Q96RU3,,UBL,617.0,"2-302,396-491,555-608",451.0,73.0956,166.0,26.9044,Unresolved,5,3.01205,11,6.62651,6,3.61446,11,6.62651,144.0,86.747,1.0,2.0,8.0,103.0
KIF23,Q02241,,,960.0,"1-460,792-911",580.0,60.4167,380.0,39.5833,Unresolved,140,36.8421,180,47.3684,40,10.5263,25,6.57895,175.0,46.0526,51.0,3.0,17.0,117.0
KIF5B,P33176,,,963.0,"1-370,444-566,832-919",581.0,60.3323,382.0,39.6677,Unresolved,4,1.04712,238,62.3037,234,61.2565,49,12.8272,95.0,24.8691,2.0,119.0,22.0,75.0
EMD,P50402,,,254.0,2-187,186.0,73.2283,68.0,26.7717,Unresolved,15,22.0588,24,35.2941,9,13.2353,18,26.4706,26.0,38.2353,0.0,0.0,2.0,7.0
RPA3,P35244,,,121.0,1-121,121.0,100.0,0.0,0.0,Resolved,Resolved,Resolved,Resolved,Resolved,Resolved,Resolved,Resolved,Resolved,0.0,Resolved,0.0,0.0,0.0,0.0
FOXK1,P85037,,,733.0,284-404,121.0,16.5075,612.0,83.4925,Unresolved,78,12.7451,119,19.4444,41,6.69935,48,7.84314,445.0,72.7124,6.0,14.0,30.0,233.0
CCAR1,Q8IX12,,,1150.0,0-0,0.0,0.0,1150.0,100.0,Unresolved,426,37.0757,642,55.8747,216,18.799,90,7.8329,418.0,36.3795,84.0,83.0,81.0,303.0
SEC24B,O95487,,,1268.0,516-1268,753.0,59.3849,515.0,40.6151,Unresolved,0,0,0,0,0,0,17,3.30097,498.0,96.699,0.0,0.0,17.0,395.0
SEC23B,Q15437,,,767.0,1-766,766.0,99.8696,1.0,0.130378,Resolved,Resolved,Resolved,Resolved,Resolved,Resolved,Resolved,Resolved,Resolved,1.0,100,0.0,0.0,0.0,0.0
RPA2,P15927,,ULK,270.0,1-270,270.0,100.0,0.0,0.0,Resolved,Resolved,Resolved,Resolved,Resolved,Resolved,Resolved,Resolved,Resolved,0.0,Resolved,0.0,0.0,0.0,0.0
LMNA,P02545,,,664.0,"2-403,405-555",553.0,83.2831,111.0,16.7169,Unresolved,0,0,0,0,0,0,9,8.10811,102.0,91.8919,0.0,0.0,0.0,78.0
MON1B,Q7L1V2,,,547.0,100-238,139.0,25.4113,408.0,74.5887,Unresolved,204,50,272,66.6667,68,16.6667,14,3.43137,122.0,29.902,6.0,6.0,1.0,102.0
MAP4,P27816,,,1152.0,906-1089,184.0,15.9722,968.0,84.0278,Unresolved,6,0.619835,37,3.82231,31,3.20248,37,3.82231,894.0,92.3554,2.0,20.0,31.0,809.0
C7orf28A,P86791,,,482.0,0-0,0.0,0.0,482.0,100.0,Unresolved,334,69.4387,423,87.9418,89,18.5031,37,7.69231,22.0,4.5738,10.0,1.0,0.0,4.0
C18orf8,Q96DM3,,,657.0,0-0,0.0,0.0,657.0,100.0,Unresolved,403,61.4329,600,91.4634,197,30.0305,52,7.92683,5.0,0.762195,0.0,5.0,0.0,0.0
FYCO1,Q9BQS8,,UBL,1478.0,"1-178,1137-1233,1273-1298",301.0,20.3654,1177.0,79.6346,Unresolved,200,16.9924,838,71.198,638,54.2056,104,8.83602,235.0,19.966,21.0,285.0,63.0,178.0
YWHAB,P31946,,,246.0,1-246,246.0,100.0,0.0,0.0,Resolved,Resolved,Resolved,Resolved,Resolved,Resolved,Resolved,Resolved,Resolved,0.0,Resolved,0.0,0.0,0.0,0.0
YWHAH,Q04917,,,246.0,1-246,246.0,100.0,0.0,0.0,Resolved,Resolved,Resolved,Resolved,Resolved,Resolved,Resolved,Resolved,Resolved,0.0,Resolved,0.0,0.0,0.0,0.0
YWHAE,P62258,,,255.0,1-249,249.0,97.6471,6.0,2.35294,Resolved,Resolved,Resolved,Resolved,Resolved,Resolved,Resolved,Resolved,Resolved,4.0,66.6667,0.0,1.0,1.0,4.0
COPB2,P35606,,,908.0,1-906,906.0,99.7797,2.0,0.220264,Resolved,Resolved,Resolved,Resolved,Resolved,Resolved,Resolved,Resolved,Resolved,1.0,50,1.0,0.0,0.0,0.0
EIF5,P55010,,,431.0,1-431,431.0,100.0,0.0,0.0,Resolved,Resolved,Resolved,Resolved,Resolved,Resolved,Resolved,Resolved,Resolved,0.0,Resolved,0.0,0.0,0.0,0.0
GMPS,P49915,,,693.0,15-693,679.0,97.9798,14.0,2.0202,Resolved,Resolved,Resolved,Resolved,Resolved,Resolved,Resolved,Resolved,Resolved,14.0,100,0.0,0.0,0.0,0.0
PBEF1,P43490,,,491.0,1-491,491.0,100.0,0.0,0.0,Resolved,Resolved,Resolved,Resolved,Resolved,Resolved,Resolved,Resolved,Resolved,0.0,Resolved,0.0,0.0,0.0,0.0
ADSL,P30566,,,484.0,1-484,484.0,100.0,0.0,0.0,Resolved,Resolved,Resolved,Resolved,Resolved,Resolved,Resolved,Resolved,Resolved,0.0,Resolved,0.0,0.0,0.0,0.0
ALDH7A1,P49419,,,539.0,3-539,537.0,99.6289,2.0,0.371058,Resolved,Resolved,Resolved,Resolved,Resolved,Resolved,Resolved,Resolved,Resolved,2.0,100,0.0,0.0,0.0,0.0
MCM2,P33993,,,719.0,1-719,719.0,100.0,0.0,0.0,Resolved,Resolved,Resolved,Resolved,Resolved,Resolved,Resolved,Resolved,Resolved,0.0,Resolved,0.0,0.0,0.0,0.0
IDH3A,P50213,,,366.0,1-366,366.0,100.0,0.0,0.0,Resolved,Resolved,Resolved,Resolved,Resolved,Resolved,Resolved,Resolved,Resolved,0.0,Resolved,0.0,0.0,0.0,0.0
PRKAA1,Q13131,,"PI3K,ULK",559.0,4-559,556.0,99.4633,3.0,0.536673,Resolved,Resolved,Resolved,Resolved,Resolved,Resolved,Resolved,Resolved,Resolved,3.0,100,0.0,0.0,0.0,0.0
WARS,P23381,,,471.0,1-471,471.0,100.0,0.0,0.0,Resolved,Resolved,Resolved,Resolved,Resolved,Resolved,Resolved,Resolved,Resolved,0.0,Resolved,0.0,0.0,0.0,0.0
ESD,P10768,,,282.0,1-282,282.0,100.0,0.0,0.0,Resolved,Resolved,Resolved,Resolved,Resolved,Resolved,Resolved,Resolved,Resolved,0.0,Resolved,0.0,0.0,0.0,0.0
NANS,Q9NR45,,,359.0,11-359,349.0,97.2145,10.0,2.78552,Resolved,Resolved,Resolved,Resolved,Resolved,Resolved,Resolved,Resolved,Resolved,1.0,10,0.0,0.0,0.0,0.0
WDTC1,Q8N5D0,,,677.0,"39-273,343-483",376.0,55.5391,301.0,44.4609,Unresolved,145,48.1728,200,66.4452,55,18.2724,16,5.31561,85.0,28.2392,20.0,4.0,0.0,53.0
WDR22,Q96JK2,,,942.0,14-360,347.0,36.8365,595.0,63.1635,Unresolved,14,2.35294,67,11.2605,53,8.90756,67,11.2605,461.0,77.479,2.0,4.0,42.0,432.0
LAP3,P28838,,,519.0,33-519,487.0,93.8343,32.0,6.1657,Resolved,Resolved,Resolved,Resolved,Resolved,Resolved,Resolved,Resolved,Resolved,30.0,93.75,0.0,0.0,0.0,0.0
SRM,P19623,,,302.0,1-302,302.0,100.0,0.0,0.0,Resolved,Resolved,Resolved,Resolved,Resolved,Resolved,Resolved,Resolved,Resolved,0.0,Resolved,0.0,0.0,0.0,0.0
FARSB,Q9NSD9,,,589.0,1-589,589.0,100.0,0.0,0.0,Resolved,Resolved,Resolved,Resolved,Resolved,Resolved,Resolved,Resolved,Resolved,0.0,Resolved,0.0,0.0,0.0,0.0
SHMT2,P34897,,,504.0,1-504,504.0,100.0,0.0,0.0,Resolved,Resolved,Resolved,Resolved,Resolved,Resolved,Resolved,Resolved,Resolved,0.0,Resolved,0.0,0.0,0.0,0.0
ECHS1,P30084,,,290.0,18-290,273.0,94.1379,17.0,5.86207,Resolved,Resolved,Resolved,Resolved,Resolved,Resolved,Resolved,Resolved,Resolved,14.0,82.3529,0.0,0.0,0.0,0.0
LTA4H,P09960,,,611.0,1-611,611.0,100.0,0.0,0.0,Resolved,Resolved,Resolved,Resolved,Resolved,Resolved,Resolved,Resolved,Resolved,0.0,Resolved,0.0,0.0,0.0,0.0
WDR23,Q8TEB1,,,546.0,165-529,365.0,66.8498,181.0,33.1502,Unresolved,29,16.0221,69,38.1215,40,22.0994,34,18.7845,78.0,43.0939,14.0,2.0,7.0,60.0
DDB2,Q92466,,,427.0,1-427,427.0,100.0,0.0,0.0,Resolved,Resolved,Resolved,Resolved,Resolved,Resolved,Resolved,Resolved,Resolved,0.0,Resolved,0.0,0.0,0.0,0.0
VPRBP,Q9Y4B6,,,1507.0,"1039-1401,1418-1507",453.0,30.0597,1054.0,69.9403,Unresolved,399,37.8558,718,68.1214,319,30.2657,64,6.07211,272.0,25.8065,8.0,32.0,12.0,171.0
DDA1,Q9BW61,,PI3K,102.0,1-102,102.0,100.0,0.0,0.0,Resolved,Resolved,Resolved,Resolved,Resolved,Resolved,Resolved,Resolved,Resolved,0.0,Resolved,0.0,0.0,0.0,0.0
TMPO,P42166,,,694.0,"1-168,461-693",401.0,57.781,293.0,42.219,Unresolved,3,1.02389,21,7.16724,18,6.14334,15,5.11945,257.0,87.7133,0.0,1.0,10.0,164.0
ILVBL,A1L0T0,,,632.0,45-630,586.0,92.7215,46.0,7.27848,Resolved,Resolved,Resolved,Resolved,Resolved,Resolved,Resolved,Resolved,Resolved,12.0,26.087,0.0,0.0,0.0,0.0
CPT1A,P50416,,,773.0,"1-48,165-767",651.0,84.2173,122.0,15.7827,Unresolved,53,43.4426,115,94.2623,62,50.8197,5,4.09836,2.0,1.63934,0.0,0.0,0.0,0.0
CAND1,Q86VP6,,,1230.0,1-1230,1230.0,100.0,0.0,0.0,Resolved,Resolved,Resolved,Resolved,Resolved,Resolved,Resolved,Resolved,Resolved,0.0,Resolved,0.0,0.0,0.0,0.0
DDOST,P39656,,,456.0,1-456,456.0,100.0,0.0,0.0,Resolved,Resolved,Resolved,Resolved,Resolved,Resolved,Resolved,Resolved,Resolved,0.0,Resolved,0.0,0.0,0.0,0.0
CKAP4,Q07065,,,602.0,0-0,0.0,0.0,602.0,100.0,Unresolved,191,31.7804,419,69.7171,228,37.9368,68,11.3145,115.0,19.1348,23.0,70.0,36.0,102.0
GANAB,Q14697,,,944.0,33-944,912.0,96.6102,32.0,3.38983,Resolved,Resolved,Resolved,Resolved,Resolved,Resolved,Resolved,Resolved,Resolved,30.0,93.75,0.0,0.0,0.0,0.0
CCDC47,Q96A33,,,483.0,1-483,483.0,100.0,0.0,0.0,Resolved,Resolved,Resolved,Resolved,Resolved,Resolved,Resolved,Resolved,Resolved,0.0,Resolved,0.0,0.0,0.0,0.0
NPEPPS,P55786,,,919.0,42-916,875.0,95.2122,44.0,4.78781,Resolved,Resolved,Resolved,Resolved,Resolved,Resolved,Resolved,Resolved,Resolved,44.0,100,0.0,0.0,0.0,0.0
PHB,P35232,,,272.0,174-248,75.0,27.5735,197.0,72.4265,Unresolved,93,47.2081,181,91.8782,88,44.6701,11,5.58376,5.0,2.53807,0.0,0.0,0.0,0.0
TELO2,Q9Y4R8,,,837.0,1-455,455.0,54.3608,382.0,45.6392,Unresolved,204,53.4031,273,71.466,69,18.0628,28,7.32984,81.0,21.2042,0.0,7.0,14.0,67.0
SLC25A22,Q9H936,,,323.0,1-300,300.0,92.8793,23.0,7.12074,Resolved,Resolved,Resolved,Resolved,Resolved,Resolved,Resolved,Resolved,Resolved,4.0,17.3913,0.0,0.0,0.0,0.0
SFXN4,Q6P4A7,,,337.0,0-0,0.0,0.0,337.0,100.0,Unresolved,195,58.0357,293,87.2024,98,29.1667,22,6.54762,22.0,6.54762,0.0,0.0,0.0,14.0
GEMIN4,P57678,,,1058.0,0-0,0.0,0.0,1058.0,100.0,Unresolved,455,43.0464,920,87.0388,465,43.9924,110,10.4068,28.0,2.64901,0.0,4.0,1.0,6.0
VDAC2,P45880,,,294.0,10-294,285.0,96.9388,9.0,3.06122,Resolved,Resolved,Resolved,Resolved,Resolved,Resolved,Resolved,Resolved,Resolved,9.0,100,0.0,0.0,0.0,0.0
SLC25A10,Q9UBX3,,,287.0,4-279,276.0,96.1672,11.0,3.83275,Resolved,Resolved,Resolved,Resolved,Resolved,Resolved,Resolved,Resolved,Resolved,5.0,45.4545,0.0,0.0,0.0,0.0
AUP1,Q9Y679,,,410.0,292-345,54.0,13.1707,356.0,86.8293,Unresolved,119,33.427,286,80.3371,167,46.9101,32,8.98876,38.0,10.6742,1.0,23.0,15.0,38.0
RIF1,Q5T3J3,,,769.0,0-0,0.0,0.0,769.0,100.0,Unresolved,26,3.38542,137,17.8385,111,14.4531,68,8.85417,564.0,73.4375,20.0,17.0,17.0,250.0
OPRS1,Q99720,,,223.0,1-223,223.0,100.0,0.0,0.0,Resolved,Resolved,Resolved,Resolved,Resolved,Resolved,Resolved,Resolved,Resolved,0.0,Resolved,0.0,0.0,0.0,0.0
DDX20,Q9UHI6,,,824.0,29-449,421.0,51.0922,403.0,48.9078,Unresolved,0,0,0,0,0,0,27,6.69975,376.0,93.3002,0.0,0.0,0.0,213.0
CYC1,P08574,,,325.0,1-325,325.0,100.0,0.0,0.0,Resolved,Resolved,Resolved,Resolved,Resolved,Resolved,Resolved,Resolved,Resolved,0.0,Resolved,0.0,0.0,0.0,0.0
TRIP13,Q15645,,,432.0,1-432,432.0,100.0,0.0,0.0,Resolved,Resolved,Resolved,Resolved,Resolved,Resolved,Resolved,Resolved,Resolved,0.0,Resolved,0.0,0.0,0.0,0.0
NUP93,Q8N1F7,,,819.0,1-819,819.0,100.0,0.0,0.0,Resolved,Resolved,Resolved,Resolved,Resolved,Resolved,Resolved,Resolved,Resolved,0.0,Resolved,0.0,0.0,0.0,0.0
XPO1,O14980,,,1071.0,1-1071,1071.0,100.0,0.0,0.0,Resolved,Resolved,Resolved,Resolved,Resolved,Resolved,Resolved,Resolved,Resolved,0.0,Resolved,0.0,0.0,0.0,0.0
NUP205,Q92621,,,2012.0,1-2012,2012.0,100.0,0.0,0.0,Resolved,Resolved,Resolved,Resolved,Resolved,Resolved,Resolved,Resolved,Resolved,0.0,Resolved,0.0,0.0,0.0,0.0
UNC45A,Q9H3U1,,,944.0,1-944,944.0,100.0,0.0,0.0,Resolved,Resolved,Resolved,Resolved,Resolved,Resolved,Resolved,Resolved,Resolved,0.0,Resolved,0.0,0.0,0.0,0.0
RPN2,P04844,,,631.0,1-631,631.0,100.0,0.0,0.0,Resolved,Resolved,Resolved,Resolved,Resolved,Resolved,Resolved,Resolved,Resolved,0.0,Resolved,0.0,0.0,0.0,0.0
ABCD3,P28288,,,659.0,52-656,605.0,91.8058,54.0,8.19423,Resolved,Resolved,Resolved,Resolved,Resolved,Resolved,Resolved,Resolved,Resolved,31.0,57.4074,0.0,0.0,0.0,15.0
SEC61A2,Q9H9S3,,,476.0,1-476,476.0,100.0,0.0,0.0,Resolved,Resolved,Resolved,Resolved,Resolved,Resolved,Resolved,Resolved,Resolved,0.0,Resolved,0.0,0.0,0.0,0.0
HSD17B12,Q53GQ0,,,312.0,30-289,260.0,83.3333,52.0,16.6667,Unresolved,35,67.3077,43,82.6923,8,15.3846,8,15.3846,1.0,1.92308,2.0,0.0,0.0,0.0
KIAA0368,Q5VYK3,,,1845.0,0-0,0.0,0.0,1845.0,100.0,Unresolved,712,38.6117,1607,87.1475,895,48.5358,153,8.29718,85.0,4.60954,12.0,35.0,11.0,52.0
IMMT,Q16891,,,758.0,0-0,0.0,0.0,758.0,100.0,Unresolved,246,32.4967,511,67.5033,265,35.0066,73,9.64333,174.0,22.9855,62.0,49.0,10.0,81.0
COX15,Q7KZN9,,,410.0,0-0,0.0,0.0,410.0,100.0,Unresolved,285,69.6822,337,82.3961,52,12.7139,20,4.88998,53.0,12.9584,0.0,0.0,0.0,0.0
CLN3,Q13286,,UBL,438.0,0-0,0.0,0.0,438.0,100.0,Unresolved,236,54.0046,340,77.8032,104,23.7986,18,4.11899,80.0,18.3066,0.0,0.0,2.0,48.0
IRAK1,P51617,,,712.0,"18-116,169-536",467.0,65.5899,245.0,34.4101,Unresolved,0,0,24,9.79592,24,9.79592,14,5.71429,207.0,84.4898,0.0,2.0,9.0,177.0
SLC25A11,Q02978,,,314.0,13-306,294.0,93.6306,20.0,6.36943,Resolved,Resolved,Resolved,Resolved,Resolved,Resolved,Resolved,Resolved,Resolved,13.0,65,0.0,0.0,0.0,3.0
KIAA1794,Q9NVI1,,,1328.0,1-1328,1328.0,100.0,0.0,0.0,Resolved,Resolved,Resolved,Resolved,Resolved,Resolved,Resolved,Resolved,Resolved,0.0,Resolved,0.0,0.0,0.0,0.0
MAPK14,Q16539,,,360.0,1-360,360.0,100.0,0.0,0.0,Resolved,Resolved,Resolved,Resolved,Resolved,Resolved,Resolved,Resolved,Resolved,0.0,Resolved,0.0,0.0,0.0,0.0
FAM62B,A0FGR8,,,921.0,"191-662,755-919",637.0,69.164,284.0,30.836,Unresolved,0,0,57,20.0704,57,20.0704,16,5.6338,211.0,74.2958,0.0,0.0,0.0,196.0
FLNA,P21333,,,2647.0,1-2647,2647.0,100.0,0.0,0.0,Resolved,Resolved,Resolved,Resolved,Resolved,Resolved,Resolved,Resolved,Resolved,0.0,Resolved,0.0,0.0,0.0,0.0
PRKAG1,P54619,,"PI3K,ULK",331.0,1-331,331.0,100.0,0.0,0.0,Resolved,Resolved,Resolved,Resolved,Resolved,Resolved,Resolved,Resolved,Resolved,0.0,Resolved,0.0,0.0,0.0,0.0
IQGAP2,Q13576,,,1575.0,"8-207,873-1258,1471-1575",691.0,43.873,884.0,56.127,Unresolved,112,12.6697,674,76.2443,562,63.5747,129,14.5928,81.0,9.1629,16.0,43.0,22.0,33.0
XPOT,O43592,,,962.0,8-961,954.0,99.1684,8.0,0.831601,Resolved,Resolved,Resolved,Resolved,Resolved,Resolved,Resolved,Resolved,Resolved,0.0,0,0.0,0.0,0.0,0.0
GCN1L1,Q92616,,ATG9,2671.0,1375-1844,470.0,17.5964,2201.0,82.4036,Unresolved,362,16.4471,1987,90.2771,1625,73.8301,163,7.40572,51.0,2.31713,0.0,14.0,15.0,8.0
PRKAA2,P54646,,"PI3K,ULK",552.0,1-552,552.0,100.0,0.0,0.0,Resolved,Resolved,Resolved,Resolved,Resolved,Resolved,Resolved,Resolved,Resolved,0.0,Resolved,0.0,0.0,0.0,0.0
CALM1,P0DP23,,,149.0,1-149,149.0,100.0,0.0,0.0,Resolved,Resolved,Resolved,Resolved,Resolved,Resolved,Resolved,Resolved,Resolved,0.0,Resolved,0.0,0.0,0.0,0.0
CAMKK2,Q96RR4,,UBL,588.0,116-546,431.0,73.2993,157.0,26.7007,Unresolved,0,0,0,0,0,0,3,1.91083,154.0,98.0892,0.0,0.0,3.0,105.0
PDHA1,P08559,,ULK,390.0,27-390,364.0,93.3333,26.0,6.66667,Resolved,Resolved,Resolved,Resolved,Resolved,Resolved,Resolved,Resolved,Resolved,26.0,100,0.0,0.0,0.0,0.0
ALDH9A1,P49189,,ULK,494.0,1-494,494.0,100.0,0.0,0.0,Resolved,Resolved,Resolved,Resolved,Resolved,Resolved,Resolved,Resolved,Resolved,0.0,Resolved,0.0,0.0,0.0,0.0
CDC37,Q16543,,ULK,378.0,1-378,378.0,100.0,0.0,0.0,Resolved,Resolved,Resolved,Resolved,Resolved,Resolved,Resolved,Resolved,Resolved,0.0,Resolved,0.0,0.0,0.0,0.0
COPG,Q9Y678,,ULK,876.0,1-874,874.0,99.7717,2.0,0.228311,Resolved,Resolved,Resolved,Resolved,Resolved,Resolved,Resolved,Resolved,Resolved,1.0,50,1.0,0.0,0.0,0.0
PFKL,P17858,,ULK,780.0,2-772,771.0,98.8462,9.0,1.15385,Resolved,Resolved,Resolved,Resolved,Resolved,Resolved,Resolved,Resolved,Resolved,6.0,66.6667,0.0,0.0,0.0,0.0
ARG1,P05089,,ULK,322.0,1-322,322.0,100.0,0.0,0.0,Resolved,Resolved,Resolved,Resolved,Resolved,Resolved,Resolved,Resolved,Resolved,0.0,Resolved,0.0,0.0,0.0,0.0
DSC1,P53805,,ULK,252.0,"66-159,182-219",132.0,52.381,120.0,47.619,Unresolved,1,0.833333,39,32.5,38,31.6667,31,25.8333,50.0,41.6667,0.0,22.0,14.0,9.0
MYH2,Q9UKX2,,ULK,1941.0,1-1941,1941.0,100.0,0.0,0.0,Resolved,Resolved,Resolved,Resolved,Resolved,Resolved,Resolved,Resolved,Resolved,0.0,Resolved,0.0,0.0,0.0,0.0
ETFA,P13804,,ULK,333.0,1-333,333.0,100.0,0.0,0.0,Resolved,Resolved,Resolved,Resolved,Resolved,Resolved,Resolved,Resolved,Resolved,0.0,Resolved,0.0,0.0,0.0,0.0
RPA1,P27694,,ULK,616.0,"1-120,181-616",556.0,90.2597,60.0,9.74026,Resolved,Resolved,Resolved,Resolved,Resolved,Resolved,Resolved,Resolved,Resolved,59.0,98.3333,0.0,0.0,1.0,41.0
LRPPRC,P42704,,ULK,1394.0,127-523,397.0,28.4792,997.0,71.5208,Unresolved,18,1.80542,802,80.4413,784,78.6359,80,8.02407,115.0,11.5346,0.0,1.0,0.0,6.0
COPA,P53621,,ULK,1226.0,1-1224,1224.0,99.8369,2.0,0.163132,Resolved,Resolved,Resolved,Resolved,Resolved,Resolved,Resolved,Resolved,Resolved,1.0,50,1.0,0.0,0.0,0.0
CBR1,P16152,,ULK,277.0,1-277,277.0,100.0,0.0,0.0,Resolved,Resolved,Resolved,Resolved,Resolved,Resolved,Resolved,Resolved,Resolved,0.0,Resolved,0.0,0.0,0.0,0.0
HADHA,P40939,,"UBL,ULK",763.0,1-763,763.0,100.0,0.0,0.0,Resolved,Resolved,Resolved,Resolved,Resolved,Resolved,Resolved,Resolved,Resolved,0.0,Resolved,0.0,0.0,0.0,0.0
VARS,P26640,,ULK,1264.0,"3-240,296-1258",1201.0,95.0158,63.0,4.98418,Resolved,Resolved,Resolved,Resolved,Resolved,Resolved,Resolved,Resolved,Resolved,22.0,34.9206,12.0,12.0,9.0,22.0
SSRP1,Q08945,,ULK,709.0,1-640,640.0,90.268,69.0,9.73202,Resolved,Resolved,Resolved,Resolved,Resolved,Resolved,Resolved,Resolved,Resolved,67.0,97.1014,0.0,0.0,2.0,67.0
LARS,Q9P2J5,,ULK,1176.0,1-1176,1176.0,100.0,0.0,0.0,Resolved,Resolved,Resolved,Resolved,Resolved,Resolved,Resolved,Resolved,Resolved,0.0,Resolved,0.0,0.0,0.0,0.0
PA2G4,Q9UQ80,,ULK,394.0,1-394,394.0,100.0,0.0,0.0,Resolved,Resolved,Resolved,Resolved,Resolved,Resolved,Resolved,Resolved,Resolved,0.0,Resolved,0.0,0.0,0.0,0.0
HADHB,P55084,,"UBL,ULK",474.0,1-474,474.0,100.0,0.0,0.0,Resolved,Resolved,Resolved,Resolved,Resolved,Resolved,Resolved,Resolved,Resolved,0.0,Resolved,0.0,0.0,0.0,0.0
HK1,P19367,,ULK,917.0,1-917,917.0,100.0,0.0,0.0,Resolved,Resolved,Resolved,Resolved,Resolved,Resolved,Resolved,Resolved,Resolved,0.0,Resolved,0.0,0.0,0.0,0.0
PGK1,P00558,,ULK,417.0,1-417,417.0,100.0,0.0,0.0,Resolved,Resolved,Resolved,Resolved,Resolved,Resolved,Resolved,Resolved,Resolved,0.0,Resolved,0.0,0.0,0.0,0.0
ASNS,P08243,,ULK,561.0,1-561,561.0,100.0,0.0,0.0,Resolved,Resolved,Resolved,Resolved,Resolved,Resolved,Resolved,Resolved,Resolved,0.0,Resolved,0.0,0.0,0.0,0.0
TARS,P26639,,ULK,723.0,30-723,694.0,95.9889,29.0,4.01107,Resolved,Resolved,Resolved,Resolved,Resolved,Resolved,Resolved,Resolved,Resolved,29.0,100,0.0,0.0,0.0,29.0
LONP1,P36776,,ULK,959.0,67-959,893.0,93.1178,66.0,6.88217,Resolved,Resolved,Resolved,Resolved,Resolved,Resolved,Resolved,Resolved,Resolved,66.0,100,0.0,0.0,0.0,0.0
FKBP4,Q02790,,"UBL,ULK",459.0,1-459,459.0,100.0,0.0,0.0,Resolved,Resolved,Resolved,Resolved,Resolved,Resolved,Resolved,Resolved,Resolved,0.0,Resolved,0.0,0.0,0.0,0.0
UBA5,Q9GZZ9,,,404.0,36-346,311.0,76.9802,93.0,23.0198,Unresolved,2,2.15054,30,32.2581,28,30.1075,44,47.3118,19.0,20.4301,0.0,11.0,18.0,15.0
ANKFY1,Q9P2R3,,"UBL,ULK",1169.0,196-1166,971.0,83.0624,198.0,16.9376,Unresolved,1,0.505051,156,78.7879,155,78.2828,33,16.6667,9.0,4.54545,0.0,0.0,0.0,0.0
FOXO3A,O43524,,ULK,673.0,73-269,197.0,29.2719,476.0,70.7281,Unresolved,0,0,5,1.05042,5,1.05042,81,17.0168,390.0,81.9328,0.0,0.0,58.0,325.0
MYH4,Q9Y623,,ULK,1939.0,1-1939,1939.0,100.0,0.0,0.0,Resolved,Resolved,Resolved,Resolved,Resolved,Resolved,Resolved,Resolved,Resolved,0.0,Resolved,0.0,0.0,0.0,0.0
ATG13,O75143,Core,"PI3K,ULK",517.0,1-200,200.0,38.6847,317.0,61.3153,Unresolved,0,0,32,10.0946,32,10.0946,49,15.4574,236.0,74.4479,0.0,10.0,13.0,128.0
ATG101,Q9BSB4,Core,"PI3K,ULK",218.0,1-218,218.0,100.0,0.0,0.0,Resolved,Resolved,Resolved,Resolved,Resolved,Resolved,Resolved,Resolved,Resolved,0.0,Resolved,0.0,0.0,0.0,0.0
SMC3,Q9UQE7,,PI3K,1217.0,1-1217,1217.0,100.0,0.0,0.0,Resolved,Resolved,Resolved,Resolved,Resolved,Resolved,Resolved,Resolved,Resolved,0.0,Resolved,0.0,0.0,0.0,0.0
ZWINT,O95229,,PI3K,277.0,0-0,0.0,0.0,277.0,100.0,Unresolved,144,52.1739,189,68.4783,45,16.3043,22,7.97101,66.0,23.913,46.0,6.0,7.0,52.0
RUBCNL,Q9H714,,PI3K,662.0,412-654,243.0,36.7069,419.0,63.2931,Unresolved,0,0,52,12.4105,52,12.4105,36,8.59189,331.0,78.9976,0.0,0.0,0.0,175.0
SEH1L,Q96EE3,,PI3K,360.0,1-360,360.0,100.0,0.0,0.0,Resolved,Resolved,Resolved,Resolved,Resolved,Resolved,Resolved,Resolved,Resolved,0.0,Resolved,0.0,0.0,0.0,0.0
AFG3L2,Q9Y4W6,,PI3K,797.0,"163-251,272-797",615.0,77.1644,182.0,22.8356,Unresolved,0,0,35,19.2308,35,19.2308,31,17.033,116.0,63.7363,0.0,0.0,2.0,42.0
GSPT1,P15170,,PI3K,499.0,1-499,499.0,100.0,0.0,0.0,Resolved,Resolved,Resolved,Resolved,Resolved,Resolved,Resolved,Resolved,Resolved,0.0,Resolved,0.0,0.0,0.0,0.0
TP53BP2,Q13625,,PI3K,1128.0,"1-83,723-782,892-1128",380.0,33.6879,748.0,66.3121,Unresolved,125,16.7112,190,25.4011,65,8.68984,29,3.87701,529.0,70.7219,47.0,41.0,29.0,526.0
NRBF2,Q96F24,,PI3K,287.0,4-87,84.0,29.2683,203.0,70.7317,Unresolved,41,20.197,67,33.0049,26,12.8079,60,29.5567,76.0,37.4384,16.0,16.0,19.0,44.0
TRABD,Q9H4I3,,PI3K,376.0,0-0,0.0,0.0,376.0,100.0,Unresolved,138,36.8,301,80.2667,163,43.4667,40,10.6667,35.0,9.33333,9.0,2.0,2.0,32.0
KIAA0226,Q92622,,,972.0,699-949,251.0,25.823,721.0,74.177,Unresolved,33,4.57698,201,27.8779,168,23.301,136,18.8627,384.0,53.2594,0.0,10.0,14.0,274.0
KIAA0831/ATG14,Q6ZNE5,Core,"ATG9,PI3K",492.0,0-0,0.0,0.0,492.0,100.0,Unresolved,214,43.5845,299,60.8961,85,17.3116,68,13.8493,125.0,25.4582,36.0,4.0,21.0,70.0
TBC1D7,Q9P0N9,,PI3K,293.0,1-293,293.0,100.0,0.0,0.0,Resolved,Resolved,Resolved,Resolved,Resolved,Resolved,Resolved,Resolved,Resolved,0.0,Resolved,0.0,0.0,0.0,0.0
PTOV1,Q86YD1,,PI3K,416.0,54-406,353.0,84.8558,63.0,15.1442,Unresolved,0,0,3,4.7619,3,4.7619,13,20.6349,47.0,74.6032,0.0,0.0,12.0,47.0
DZIP3,Q86Y13,,PI3K,1208.0,1134-1202,69.0,5.71192,1139.0,94.2881,Unresolved,149,13.0817,549,48.2002,400,35.1185,153,13.4328,437.0,38.367,0.0,18.0,7.0,197.0
UVRAG,Q9P2Y5,Core,PI3K,699.0,1-699,699.0,100.0,0.0,0.0,Resolved,Resolved,Resolved,Resolved,Resolved,Resolved,Resolved,Resolved,Resolved,0.0,Resolved,0.0,0.0,0.0,0.0
SLC27A4,Q6P1M0,,PI3K,643.0,51-605,555.0,86.3142,88.0,13.6858,Unresolved,35,39.7727,85,96.5909,50,56.8182,2,2.27273,1.0,1.13636,0.0,0.0,0.0,0.0
PIK3R4,Q99570,Core,"ATG9,PI3K,UBL",1358.0,1-1358,1358.0,100.0,0.0,0.0,Resolved,Resolved,Resolved,Resolved,Resolved,Resolved,Resolved,Resolved,Resolved,0.0,Resolved,0.0,0.0,0.0,0.0
PIK3C3,Q8NEB9,Core,"ATG9,PI3K,UBL",887.0,1-887,887.0,100.0,0.0,0.0,Resolved,Resolved,Resolved,Resolved,Resolved,Resolved,Resolved,Resolved,Resolved,0.0,Resolved,0.0,0.0,0.0,0.0
TSC1,Q92574,,PI3K,1164.0,1-1164,1164.0,100.0,0.0,0.0,Resolved,Resolved,Resolved,Resolved,Resolved,Resolved,Resolved,Resolved,Resolved,0.0,Resolved,0.0,0.0,0.0,0.0
BECN1,Q14457,Core,"ATG9,PI3K",450.0,1-450,450.0,100.0,0.0,0.0,Resolved,Resolved,Resolved,Resolved,Resolved,Resolved,Resolved,Resolved,Resolved,0.0,Resolved,0.0,0.0,0.0,0.0
LC3C,Q9BXW4,Core,UBL,147.0,1-128,128.0,87.0748,19.0,12.9252,Unresolved,0,0,0,0,0,0,8,42.1053,11.0,57.8947,0.0,0.0,6.0,4.0
TKT,P29401,,UBL,623.0,1-623,623.0,100.0,0.0,0.0,Resolved,Resolved,Resolved,Resolved,Resolved,Resolved,Resolved,Resolved,Resolved,0.0,Resolved,0.0,0.0,0.0,0.0
PSMC4,P43686,,UBL,418.0,1-418,418.0,100.0,0.0,0.0,Resolved,Resolved,Resolved,Resolved,Resolved,Resolved,Resolved,Resolved,Resolved,0.0,Resolved,0.0,0.0,0.0,0.0
PSMC5,P62195,,UBL,406.0,1-406,406.0,100.0,0.0,0.0,Resolved,Resolved,Resolved,Resolved,Resolved,Resolved,Resolved,Resolved,Resolved,0.0,Resolved,0.0,0.0,0.0,0.0
PSMC1,P62191,,UBL,440.0,1-440,440.0,100.0,0.0,0.0,Resolved,Resolved,Resolved,Resolved,Resolved,Resolved,Resolved,Resolved,Resolved,0.0,Resolved,0.0,0.0,0.0,0.0
PSMC2,P35998,,UBL,433.0,1-433,433.0,100.0,0.0,0.0,Resolved,Resolved,Resolved,Resolved,Resolved,Resolved,Resolved,Resolved,Resolved,0.0,Resolved,0.0,0.0,0.0,0.0
PSMD2,Q13200,,UBL,908.0,1-908,908.0,100.0,0.0,0.0,Resolved,Resolved,Resolved,Resolved,Resolved,Resolved,Resolved,Resolved,Resolved,0.0,Resolved,0.0,0.0,0.0,0.0
SPTLC1,O15269,,UBL,473.0,1-473,473.0,100.0,0.0,0.0,Resolved,Resolved,Resolved,Resolved,Resolved,Resolved,Resolved,Resolved,Resolved,0.0,Resolved,0.0,0.0,0.0,0.0
ATG4C,Q96DT6,Core,UBL,458.0,68-422,355.0,77.5109,103.0,22.4891,Unresolved,15,14.5631,40,38.835,25,24.2718,21,20.3883,42.0,40.7767,0.0,0.0,0.0,2.0
ANXA1,P04083,,UBL,346.0,1-346,346.0,100.0,0.0,0.0,Resolved,Resolved,Resolved,Resolved,Resolved,Resolved,Resolved,Resolved,Resolved,0.0,Resolved,0.0,0.0,0.0,0.0
KRT4,P19013,,UBL,520.0,"134-289,318-451",290.0,55.7692,230.0,44.2308,Unresolved,8,3.47826,14,6.08696,6,2.6087,29,12.6087,187.0,81.3043,0.0,0.0,3.0,1.0
GABARAPL1,Q9H0R8,Core,"ATG9,UBL",117.0,1-117,117.0,100.0,0.0,0.0,Resolved,Resolved,Resolved,Resolved,Resolved,Resolved,Resolved,Resolved,Resolved,0.0,Resolved,0.0,0.0,0.0,0.0
OBSL1,O75147,,UBL,1896.0,"1-563,608-1895",1851.0,97.6266,45.0,2.37342,Resolved,Resolved,Resolved,Resolved,Resolved,Resolved,Resolved,Resolved,Resolved,0.0,0,0.0,0.0,1.0,0.0
GABARAPL2,P60520,Core,"ATG9,UBL,ULK",117.0,1-117,117.0,100.0,0.0,0.0,Resolved,Resolved,Resolved,Resolved,Resolved,Resolved,Resolved,Resolved,Resolved,0.0,Resolved,0.0,0.0,0.0,0.0
C8orf30A,Q9BTY7,,,390.0,85-346,262.0,67.1795,128.0,32.8205,Unresolved,63,49.2188,101,78.9062,38,29.6875,6,4.6875,21.0,16.4062,11.0,17.0,5.0,20.0
PHB2,Q99623,,ATG9,299.0,188-272,85.0,28.4281,214.0,71.5719,Unresolved,100,46.729,182,85.0467,82,38.3178,25,11.6822,7.0,3.27103,0.0,0.0,2.0,2.0
DNAJB1,P25685,,ATG9,340.0,1-340,340.0,100.0,0.0,0.0,Resolved,Resolved,Resolved,Resolved,Resolved,Resolved,Resolved,Resolved,Resolved,0.0,Resolved,0.0,0.0,0.0,0.0
MAGED2,Q9UNF1,,ATG9,606.0,272-480,209.0,34.4884,397.0,65.5116,Unresolved,7,1.76322,30,7.55668,23,5.79345,62,15.6171,305.0,76.8262,0.0,0.0,19.0,249.0
SMC1A,Q14683,,"ATG9,PI3K,UBL",1233.0,1-1233,1233.0,100.0,0.0,0.0,Resolved,Resolved,Resolved,Resolved,Resolved,Resolved,Resolved,Resolved,Resolved,0.0,Resolved,0.0,0.0,0.0,0.0
DNAJC7,Q99615,,ATG9,494.0,6-484,479.0,96.9636,15.0,3.03644,Resolved,Resolved,Resolved,Resolved,Resolved,Resolved,Resolved,Resolved,Resolved,14.0,93.3333,0.0,0.0,0.0,0.0
C14orf103/ATG2B,Q96BY7,Core,ATG9,2078.0,0-0,0.0,0.0,2078.0,100.0,Unresolved,460,22.1473,1076,51.8055,616,29.6582,323,15.5513,679.0,32.6914,3.0,39.0,52.0,298.0
WDR45/WIPI4,Q9Y484,Core,ATG9,360.0,8-357,350.0,97.2222,10.0,2.77778,Resolved,Resolved,Resolved,Resolved,Resolved,Resolved,Resolved,Resolved,Resolved,6.0,60,0.0,0.0,0.0,1.0
KIAA0404/ATG2A,Q2TAZ0,Core,"ATG9,UBL",1938.0,1374-1404,31.0,1.59959,1907.0,98.4004,Unresolved,329,17.2522,1077,56.4761,748,39.2239,341,17.8815,489.0,25.6424,34.0,104.0,98.0,323.0
SNAPC4,Q5SXM2,,UBL,1469.0,260-514,255.0,17.3587,1214.0,82.6413,Unresolved,32,2.63591,205,16.8863,173,14.2504,184,15.1565,825.0,67.9572,17.0,84.0,63.0,704.0
CCT3,P49368,,UBL,545.0,1-545,545.0,100.0,0.0,0.0,Resolved,Resolved,Resolved,Resolved,Resolved,Resolved,Resolved,Resolved,Resolved,0.0,Resolved,0.0,0.0,0.0,0.0
CCT2,P78371,,UBL,535.0,1-535,535.0,100.0,0.0,0.0,Resolved,Resolved,Resolved,Resolved,Resolved,Resolved,Resolved,Resolved,Resolved,0.0,Resolved,0.0,0.0,0.0,0.0
CCT7,Q99832,,UBL,543.0,1-543,543.0,100.0,0.0,0.0,Resolved,Resolved,Resolved,Resolved,Resolved,Resolved,Resolved,Resolved,Resolved,0.0,Resolved,0.0,0.0,0.0,0.0
AGPS,O00116,,UBL,658.0,17-658,642.0,97.5684,16.0,2.43161,Resolved,Resolved,Resolved,Resolved,Resolved,Resolved,Resolved,Resolved,Resolved,16.0,100,0.0,0.0,0.0,7.0
GAN,Q9H2C0,,UBL,597.0,2-581,580.0,97.1524,17.0,2.84757,Resolved,Resolved,Resolved,Resolved,Resolved,Resolved,Resolved,Resolved,Resolved,5.0,29.4118,0.0,0.0,0.0,1.0
GABARAP,O95166,Core,"ATG9,UBL",117.0,1-117,117.0,100.0,0.0,0.0,Resolved,Resolved,Resolved,Resolved,Resolved,Resolved,Resolved,Resolved,Resolved,0.0,Resolved,0.0,0.0,0.0,0.0
ATG5,Q9H1Y0,Core,"ATG9,UBL",275.0,1-275,275.0,100.0,0.0,0.0,Resolved,Resolved,Resolved,Resolved,Resolved,Resolved,Resolved,Resolved,Resolved,0.0,Resolved,0.0,0.0,0.0,0.0
ATG16L1,Q676U5,Core,"ATG9,UBL",607.0,1-607,607.0,100.0,0.0,0.0,Resolved,Resolved,Resolved,Resolved,Resolved,Resolved,Resolved,Resolved,Resolved,0.0,Resolved,0.0,0.0,0.0,0.0
ATG12,O94817,Core,"ATG9,UBL",140.0,44-140,97.0,69.2857,43.0,30.7143,Unresolved,0,0,1,2.32558,1,2.32558,28,65.1163,14.0,32.5581,0.0,0.0,21.0,13.0
ADSS,P30520,,UBL,456.0,9-456,448.0,98.2456,8.0,1.75439,Resolved,Resolved,Resolved,Resolved,Resolved,Resolved,Resolved,Resolved,Resolved,8.0,100,0.0,0.0,0.0,0.0
RBBP7,Q16576,,UBL,425.0,1-425,425.0,100.0,0.0,0.0,Resolved,Resolved,Resolved,Resolved,Resolved,Resolved,Resolved,Resolved,Resolved,0.0,Resolved,0.0,0.0,0.0,0.0
HAT1,O14929,,UBL,419.0,16-341,326.0,77.8043,93.0,22.1957,Unresolved,35,37.6344,75,80.6452,40,43.0108,18,19.3548,0.0,0,0.0,0.0,2.0,0.0
USP7,Q93009,,UBL,1102.0,42-1102,1061.0,96.2795,41.0,3.72051,Resolved,Resolved,Resolved,Resolved,Resolved,Resolved,Resolved,Resolved,Resolved,41.0,100,0.0,0.0,0.0,41.0
USP11,P51784,,"PI3K,UBL",963.0,"67-289,303-511,774-937",596.0,61.8899,367.0,38.1101,Unresolved,98,26.703,164,44.6866,66,17.9837,26,7.08447,177.0,48.2289,4.0,17.0,14.0,75.0
KRTHB5,P78386,,UBL,507.0,"120-273,287-434",302.0,59.5661,205.0,40.4339,Unresolved,0,0,3,1.46341,3,1.46341,23,11.2195,179.0,87.3171,0.0,0.0,0.0,1.0
ATG7,O95352,Core,UBL,703.0,10-702,693.0,98.5775,10.0,1.42248,Resolved,Resolved,Resolved,Resolved,Resolved,Resolved,Resolved,Resolved,Resolved,9.0,90,0.0,0.0,0.0,0.0
ATG10,Q9H0Y0,Core,UBL,220.0,0-0,0.0,0.0,220.0,100.0,Unresolved,112,51.1416,162,73.9726,50,22.8311,25,11.4155,33.0,15.0685,0.0,0.0,0.0,5.0
ATG4B,Q9Y4P1,Core,"PI3K,UBL,ULK",393.0,1-393,393.0,100.0,0.0,0.0,Resolved,Resolved,Resolved,Resolved,Resolved,Resolved,Resolved,Resolved,Resolved,0.0,Resolved,0.0,0.0,0.0,0.0
ATG3,Q9NT62,Core,"ATG9,PI3K,UBL",314.0,17-314,298.0,94.9045,16.0,5.09554,Resolved,Resolved,Resolved,Resolved,Resolved,Resolved,Resolved,Resolved,Resolved,1.0,6.25,0.0,0.0,0.0,0.0
MAP1LC3B,Q9GZQ8,Core,"ATG9,PI3K,UBL",125.0,1-125,125.0,100.0,0.0,0.0,Resolved,Resolved,Resolved,Resolved,Resolved,Resolved,Resolved,Resolved,Resolved,0.0,Resolved,0.0,0.0,0.0,0.0
DDB1,Q16531,,PI3K,1140.0,1-1140,1140.0,100.0,0.0,0.0,Resolved,Resolved,Resolved,Resolved,Resolved,Resolved,Resolved,Resolved,Resolved,0.0,Resolved,0.0,0.0,0.0,0.0
AMBRA1,Q9C0C7,Core,"PI3K,UBL,ULK",1298.0,27-201,175.0,13.4823,1123.0,86.5177,Unresolved,97,8.63758,162,14.4256,65,5.78807,77,6.85663,884.0,78.7177,0.0,3.0,12.0,678.0
ULK3,Q6PHR2,Core,ULK,472.0,"1-309,359-449",400.0,84.7458,72.0,15.2542,Unresolved,30,41.6667,46,63.8889,16,22.2222,16,22.2222,10.0,13.8889,0.0,1.0,6.0,2.0
ULK4,Q96C45,Core,ULK,1275.0,1-329,329.0,25.8039,946.0,74.1961,Unresolved,429,45.3488,811,85.7294,382,40.3805,56,5.91966,79.0,8.35095,0.0,2.0,14.0,60.0
BECN2,A8MW95,Core,PI3K,431.0,4-431,428.0,99.3039,3.0,0.696056,Resolved,Resolved,Resolved,Resolved,Resolved,Resolved,Resolved,Resolved,Resolved,3.0,100,0.0,0.0,0.0,0.0
ATG9B,Q674R7,Core,ATG9,924.0,148-891,744.0,80.5195,180.0,19.4805,Unresolved,0,0,0,0,0,0,1,0.555556,179.0,99.4444,0.0,0.0,1.0,178.0
ATG16L2*,Q8NAA4,Core,UBL,619.0,"11-48,297-619",361.0,58.31987076,258.0,41.68013,Unresolved,127,49.2248,153,59.3023,26,10.0775,9,3.48837,96.0,37.2093,28.0,5.0,5.0,56.0
ATG4A,Q8WYN0,Core,UBL,398.0,19-398,380.0,95.4774,18.0,4.52261,Resolved,Resolved,Resolved,Resolved,Resolved,Resolved,Resolved,Resolved,Resolved,18.0,100,0.0,0.0,0.0,0.0
ATG4D,Q86TL0,Core,UBL,474.0,94-474,381.0,80.3797,93.0,19.6203,Unresolved,2,2.15054,21,22.5806,19,20.4301,20,21.5054,52.0,55.914,0.0,4.0,7.0,51.0
,,,,296082.0,,189682.0,,106400.0,,,21117,,50007,,28890,,9800,,46078.0,,1822.0,3653.0,3362.0,33041.0
,,,,,,,,,,,,,,,,,,,,,,,,
,,,,,,,,,,,,,,,,,,,,,,,,
"*Blast results indicate stretches 8-240 and 297-619 to have homologues based on sequence similarity, but out of these stretches there are certain missing residues in the available pdbs and thus after taking that into account 11-48, 297-619 are considered as being resolved",,,,,,,,,,,,,,,,,,,,,,,,
